listing_name,categories,seniority,required_skills
Programista ds. Automatyzacji Testw,Testing,Mid,"['Java', 'Python', 'JavaScript', 'Selenium', 'Cypress.io', 'Appium', 'REST Assured', 'ISTQB', 'Postman']"
Data Engineer,Data,Mid,"['Python', 'ETL', 'Spark', 'RDBMS', 'PySpark', 'SQL', 'Azure Services', 'Scala', 'Terraform', 'IaC']"
Golang/Python Software Engineer,Python,Mid,"['Python', 'Kubernetes', 'Golang', 'Docker', 'Jenkins', 'Terraform', 'Linux']"
Big Data Engineer Want-To-Be,Data,Junior,"['Python', 'Java', 'Big Data', 'Scala', 'Cloud', 'Airflow', 'Kubernetes', 'Kafka', 'Docker', 'Apache Spark']"
NLP Developer,Python,Senior,"['NLP', 'Polish', 'English', 'PyTorch', 'AI/ML', 'Python', 'AWS', 'fastapi']"
Lead Full Stack Engineer,Python,Senior,"['Python', 'Django', 'Vue.js', 'Nuxt', 'JavaScript', 'TypeScript', 'WebGL', 'Three.js']"
Senior QA Automation Engineer,Testing,Senior,"['Automated Testing', 'Robot Framework', 'English', 'Python', 'Jenkins', 'Desktop Testing']"
Middle QA Automation Engineer,Testing,Mid,"['Testing', 'Python', 'Desktop Testing', 'Git', 'Robot Framework']"
Python Developer,Python,Mid,"['Polish', 'Python', 'Linux', 'English', 'MySQL', 'Django', 'Flask', 'Jenkins', 'Docker', 'AWS']"
KOORDYNATOR DS. UTRZYMANIA SYSTEMW IT,Support,Mid,"['Linux', 'SAN', 'Shell', 'Python', 'Andible', 'Git', 'Zabbix', 'VMware']"
Support Engineer,Python,Mid,"['Python', 'PySpark', 'SQL', 'Java', 'JavaScript']"
Test Automation Engineer (Python),Testing,Junior,"['Python', 'SQL', 'Git', 'XML/JSON', 'CICD tools', 'Pandas', 'API Testing', 'Test Rail', 'Docker', 'Robot Framework']"
DevOps Engineer,Devops,Mid,"['Linux', 'Docker', 'AWS', 'CI/CD', 'Bash', 'Terraform', 'Ansible', 'Python', 'Shell']"
Test Automation Lead,Testing,Mid,"['Python or Java-based frameworks', 'CI/CD', 'Bamboo or Jenkins', 'Cucumber/Gherkin', 'Java/C#/Python', 'Design Patterns']"
Cloud Python Developer,Python,Mid,"['Google Cloud', 'Airflow', 'Payspark', 'Git']"
Middle/Senior AQA Embedded Engineer,Python,Senior,"['Python', 'Linux', 'Robot Framework', 'pytest', 'AWS', 'IoT']"
Data Engineer,Data,Mid,"['Azure Services', 'T-SQL', 'Agile', 'SQL', 'Python']"
Data Scientist,Data,Mid,"['Python', 'SQL', 'Git']"
Senior Azure Data Engineer,Data,Senior,"['PySpark', 'Python', 'Databricks']"
Data Analyst,Data,Mid,"['Business Intelligence', 'Power BI', 'Data', 'MS Excel', 'SAP', 'Power Apps', 'SQL', 'DAX', 'VBA', 'Python']"
Mid Backend Engineer (Python),Python,Mid,"['Python', 'Django', 'Django Rest Framework', 'English', 'AWS', 'Docker', 'Celery']"
Senior ML/NLP Engineer,Data,Senior,"['Machine Learning', 'Python', 'Data Science', 'AWS']"
SysAdmin,Admin,Mid,"['Git', 'Ansible', 'Jenkins', 'Docker', 'Kubernetes', 'Bash', 'Python', 'Go', 'Terraform', 'SaltStack']"
Technical PMO Analyst - Banking,Pm,Mid,"['Clarity PPM', 'JIRA', 'Confluence', 'MS Excel', 'PowerBI / Tableau', 'Python']"
Staff ML Engineer,Data,Senior,"['Data Science', 'Machine Learning', 'Python', 'AWS']"
IAM Engineer,Testing,Mid,"['IAM', 'English', 'IDAM', 'SQL', 'Powershell', 'Bash', 'Python', 'JavaScript', 'Active Directory', 'Windows Server']"
Security Engineer,Python,Senior,"['Powershell', 'JavaScript', 'Python', 'Ansible']"
Automotive Test Engineer  HIL/SIL/MIL,Testing,Mid,"['English', 'Python', 'C', 'C++', 'ADAS', 'Matlab', 'Simulink', 'German', 'Vector tools']"
Technical/ Engineering Lead,Devops,Senior,"['Linux', 'Bash', 'TCP', 'IP', 'Python']"
Cloud Engineer,Data,Mid,"['Cloud', 'Azure', 'AWS', 'GCP', 'Python', 'Ansible', 'CircleC']"
Data Engineer,Data,Mid,"['Software Development', 'Data modeling', 'Python', 'Databases', 'Java', 'Azure', 'Spark', 'Databricks', 'PySpark', 'AWS']"
Senior Data Engineer II,Data,Senior,"['Python', 'Pandas', 'ETL', 'NumPy', 'SQL', 'AWS', 'Docker', 'Terraform']"
QA Engineer (Python),Testing,Mid,"['Python', 'Mobile & Web testing', 'Automated Testing', 'software testing methodologies', 'STLC', 'SDLC', 'Manual Testing', 'ISTQB']"
Mid/Senior Python Developer,Python,Senior,"['Python', 'Blender', '3D modeling', 'English', 'JIRA', 'Asana', 'Clickup']"
Administrator Systemw,Admin,Mid,"['Linux', 'Docker', 'Python', 'Zabbix']"
IoT Engineer,Devops,Junior,"['Databases', 'HTML5', 'IoT', 'Linux', 'Python', 'Ruby', 'Angular 2+', 'JavaScript']"
Developer with Data Science on SCM,Data,Mid,"['Data Science', 'Python', 'SQL', 'Machine Learning', 'Cloud', 'Azure']"
Full Stack and Python Developer,Python,Mid,"['Python', 'SQL', 'REST', 'Angular', 'Azure']"
DevOps / Build Engineer,Devops,Senior,"['Python', 'Groovy', 'Jenkins', 'Ansible', 'Docker', 'Kubernetes', 'AWS']"
Inynier Danych,Data,Mid,"['Big Data', 'Kubernetes', 'Python', 'Scala', 'Airflow', 'Spark']"
Senior Software Engineer (Python),Python,Senior,"['Python', 'SQL', 'Kubernetes', 'Software Architecture', 'ReactJS', 'JavaScript']"
Data Scientist,Data,Mid,"['Python', 'Data Science', 'Pandas', 'NumPy', 'XGBoost']"
Embedded Software Tester (C),Testing,Mid,"['vTsystem', 'vTestStudio', 'winIdea', 'Tessy', 'PTC Integrity', 'Eclipse', 'C', 'Python', 'CAPL', 'Embedded']"
Full Stack Software Engineer,Python,Mid,"['Python', 'ReactJS', 'SQL', 'Docker']"
Data Scientist,Data,Senior,"['Python', 'Data', 'Data analysis', 'Statistics']"
IT Administrator / System Engineer,Admin,Junior,"['Windows', 'Python', 'Bash', 'Linux', 'Automation Tools', 'Networking', 'Cybersecurity']"
Data Analyst,Analytics,Mid,"['data analyst', 'MS SQL Server', 'Power BI', 'English', 'R programming language', 'Statistica', 'Python']"
Business Intelligence Team Leader,Data,Senior,"['Tableau', 'Power BI', 'R', 'Python']"
Senior Business System Analyst,Analytics,Senior,"['Web Services', 'REST API', 'SQL', 'UML', 'Kafka', 'BPMN', 'UX/UI', 'Python', 'JS', 'C#']"
Backend Python Developer,Python,Mid,"['Python', 'Git', 'SQL', 'SQLAlchemy or Django ORM', 'FAST API', 'NumPy and Pandas', 'Containers', 'Bash or similar', 'Continuous Integration', 'Database qeries profiling']"
Senior DevOps Engineer,Devops,Senior,"['Ansible', 'Docker', 'Python', 'Ruby', 'Linux', 'Windows', 'AWS', 'Azure']"
Senior Big Data Developer,Data,Senior,"['Big Data', 'Java', 'Scala', 'Python', 'Hadoop', 'Spark', 'Kafka', 'Snowflake']"
Python Developer,Python,Senior,"['TensorFlow', 'PyTorch', 'JavaScript', 'TypeScript', 'Node.js', 'Java', 'C++']"
Senior Data Engineer,Data,Senior,"['SQL', 'Python', 'Snowflake', 'Java']"
Commod Quant Developer,Python,Senior,"['English', 'Python', 'AWS', 'Azure', 'Google Cloud Platform']"
Cloud Automation Engineer,Testing,Mid,"['IT Infrastructure', 'Cloud Services', 'C#', 'Python', 'DevOps methodologies', 'Continuous Delivery', 'GXP', 'ISTQB']"
Senior Python Engineer,Python,Senior,"['Python', 'English', 'Django', 'Celery', 'Testing', 'Linux', 'SQL', 'Docker']"
Data Analyst (Pricing Analyst Team),Data,Mid,"['Power BI', 'SQL', 'Python']"
Machine Learning Engineer,Python,Senior,"['Teamwork', 'Python programming', 'Machine Learning', 'Databases', 'Natural Language Processing', 'Cloud platform services (preferably GCP)', 'REST API', 'Deep Learning  (PyTorch or TensorFlow)', 'Container-based system', 'Data Science in Python']"
Senior Software Engineer (Remote),Python,Senior,"['TDD', 'Python', 'DevOps', 'Cloud']"
Senior Data Scientist,Data,Senior,"['Machine Learning', 'Python', 'NLP', 'SQL', 'Azure', 'Power BI', 'R', 'Selenium', 'JavaScript']"
Junior BI Developer,Data,Junior,"['Power BI', 'Tableau', 'SQL', 'Python', 'Microsoft Azure']"
Data Engineer,Data,Mid,"['Python', 'AWS', 'SQL', 'Git', 'Apache Kafka', 'Hadoop', 'JavaScript']"
Automation Tester,Testing,Mid,"['Cucumber', 'Node.js', 'Python', 'OpenAPI', 'BOM/DOM', 'CI/CD', 'Linux', 'Cloud', 'SQL', 'NoSQL']"
Python / SQL Oracle Developer,Python,Mid,"['Python', 'SQL']"
DevOps Engineer,Devops,Senior,"['Kubernetes', 'Docker', 'Python', 'Shell', 'AWS', 'Azure', 'Google Cloud Platform', 'CI/CD', 'Terraform', 'Go']"
Data Science Lead,Data,Senior,"['SQL', 'Python', 'Analytical Thinking', 'Data Science', 'Project Management', 'Zarzdzanie zespoem', 'modelowanie statystyczne', 'R', 'AWS', 'Google Cloud']"
Data Scientist,Data,Mid,"['Teamwork', 'Data Science in Python', 'Pragmatic problem solver', 'Analytical mindset and attention to details', 'Python', 'SQL', 'Cloud platform services (preferably GCP)']"
DevSecOps Lead,Devops,Senior,"['DevOps', 'DevOps tools', 'Security', 'CI/CD', 'Microservices', 'Scripting', 'Powershell', 'Bash', 'Python', 'Docker']"
Machine Learning Engineer,Python,Mid,"['Python', 'PyTorch', 'TensorFlow', 'Machine Learning', 'Deep Learning', 'Cloud Computing', 'Computer Vision', 'Algorithms']"
DevOps Engineer,Devops,Mid,"['Puppet', 'Linux', 'Unix', 'Powershell', 'Python', 'Perl', 'Ruby']"
Big Data Analyst,Data,Mid,"['SQL', 'Python', 'AWS', 'Data Studio', 'QuickSight', 'Jenkins', 'Big Query']"
DevOps Engineer,Devops,Senior,"['Python', 'AWS', 'Terraform', 'Cognito', 'Aurora', 'Elasticsearch', 'PostgreSQL', 'Docker / Kubernetes', 'CI / CD']"
Automation Tester (Python),Testing,Mid,"['Python', 'Robot Framework', 'Git', 'TDD', 'Continuous Integration']"
Senior Software Engineer (Python),Python,Senior,"['Python', 'Redis', 'AWS', 'MySQL']"
ETL Developer / Data Engineer,Python,Senior,"['Python', 'ETL / ELT', 'Data Warehouse', 'Azure Data Factory', 'Databricks', 'Spark', 'Kafka', 'SQL', 'Synapse', 'PowerBi']"
Data Scientist Lead,Python,Senior,"['Python', 'SQL']"
Data Scientist Lead,Data,Senior,"['Python', 'SQL']"
Senior Python Developer,Python,Senior,"['Python', 'Django', 'OOP']"
Data Scientist,Data,Mid,"['SQL', 'R/Python', 'Power BI', 'AWS']"
Software Engineer (Aviation Industry),Python,Senior,"['Python', 'C++', 'Django', 'TDD', 'Redis', 'Docker', 'Continuous Integration', 'GitLab', 'Databases', 'ReactJS']"
QA Engineer with Python,Python,Mid,"['Python', 'Linux', 'TCP/IP', 'REST', 'webUI testing']"
Senior DevOps Engineer,Devops,Senior,"['Kubernetes', 'Docker', 'Python', 'Golang']"
Application Administrator - Service Desk,Admin,Mid,"['JIRA', 'Confluence', 'Slack', 'Atlassian', 'SiL', 'Python']"
Application Specialist,Devops,Mid,"['RHEL', 'Linux', 'ITIL', 'Python', 'C', 'C++']"
Senior Python Developer - Remote,Python,Senior,"['Python', 'Scrapy']"
Senior Data Engineer,Data,Senior,"['Python', 'SQL', 'Apache Airflow', 'Kubernetes', 'MS SQL Server', 'AWS', 'Git', 'Snowflake', 'Docker']"
Engineering Manager,Pm,Mid,"['Team Growth', 'Leadership', 'Agile', 'Python', 'React']"
Modszy Administrator Baz Danych Oracle,Admin,Junior,"['Oracle', 'CentOS', 'Linux', 'HA/DR', 'Bash', 'Python', 'Powershell']"
"Staff SWE, Backend (Merchant Servicing)",Python,Senior,"['Python', 'Kotlin', 'React']"
Senior Site Reliability Engineer,Devops,Senior,"['Observability tools', 'Java or Go or Python', 'Kubernetes', 'AWS or Azure']"
Python Developer,Python,Mid,"['Python', 'Docker', 'Kubernetes', 'DevOps tools']"
Solution Architect,Python,Mid,"['Python', 'SQL', 'Spark', 'Big Data']"
Senior Full-stack Engineer with Python,Python,Senior,"['Machine Learning', 'React', 'Vue.js', 'Python', 'English']"
Senior Machine Learning Engineer,Python,Senior,"['Python', 'PyTorch', 'TensorFlow', 'Machine Learning', 'Algorithms', 'Deep Learning', 'Cloud Computing', 'Computer Vision']"
Backend Python Developer,Python,Mid,['Python']
Frontend Python Developer,Python,Mid,['Python']
Software Test Engineer,Python,Mid,"['Python', 'JavaScript', 'Selenium', 'Cucumber', 'TestCaf', 'Mocha', 'Chai', 'CI/CD', 'HTML', 'CSS']"
Senior Automation QA Engineer,Testing,Senior,"['Java', 'Python', 'Appium']"
Senior Python Developer,Python,Senior,"['Python', 'SQL', 'AWS', 'Cloud', 'Kubernetes', 'Docker', 'Sagemaker']"
Senior Data Engineer,Data,Senior,"['SQL', 'DBT', 'Python', 'Terraform', 'Looker', 'GCP']"
Mid QA Engineer,Testing,Mid,"['Python', 'pytest', 'Unix']"
Senior Python (Django) Engineer,Python,Senior,"['Python', 'Django', 'PostgreSQL', 'Grafana', 'Azure']"
Senior Python Test Egineer,Testing,Senior,"['Python', 'Selenium', 'Robot Framework', 'OpenStack', 'Docker', 'Kubernetes']"
Linux Developer,Admin,Mid,"['GNU', 'Linux', 'Python', 'Git', 'DevOps', 'ARM', 'C']"
Senior Full-stack Developer,Python,Senior,"['Python', 'JavaScript', 'React', 'SQL', 'English']"
SR Data Engineer,Data,Senior,"['SQL', 'Python', 'AWS']"
Remote Senior Python Developer,Python,Senior,"['Python', 'Django', 'Linux', 'Cloud Computing', 'CI/CD', 'Docker']"
Senior Data Engineer,Data,Senior,"['Python', 'MongoDB', 'AWS', 'Backend', 'Elasticsearch', 'Redshift', 'RabbitMQ', 'Docker']"
Azure DevOps Engineer,Devops,Senior,"['Azure', 'Azure DevOps', 'Terraform', 'Ansible', 'Docker', 'Kubernetes', 'Python/Powershell/Bash', 'SonarQube']"
Junior DevOps Engineer (Wrocaw/okolice),Devops,Junior,"['Bash', 'Linux', 'Python', 'Continuous Integration', 'Continuous Delivery']"
Python Engineer (Mid or Senior),Python,Senior,"['Python', 'English', 'SQL', 'AWS', 'REST API']"
Python Developer,Python,Mid,"['Python', 'Git', 'English']"
Senior Big Data Engineer / Team Leader,Data,Senior,"['Big Data', 'Cloud', 'Scala', 'Spark', 'Python', 'Airflow', 'JVM', 'Docker', 'Kubernetes', 'Kafka']"
Data Engineer,Data,Mid,"['Python', 'Grafana', 'MongoDB', 'SQL Server', 'PostgreSQL']"
Senior Python Developer,Python,Senior,"['Python', 'Databases', 'Cloud Development', 'English', 'Docker', 'Analytical Thinking']"
VoiceBot Dialogue Developer,Other,Junior,"['Python', 'Java', 'SQL']"
Python Developer,Python,Mid,"['Django', 'Python', 'DRF', 'PostgreSQL', 'Celery', 'Docker', 'Kubernetes']"
Regular / Senior Data Scientist,Data,Mid,"['Python', 'Machine Learning', 'Statistics', 'NumFOCUS stack', 'Spark', 'Scala', 'R']"
Senior Python Developer,Python,Senior,"['Python', 'Django', 'Flask', 'fastapi', 'asyncio']"
QA Engineer,Python,Senior,"['Mobile App Testing', 'Python', 'Atlassian', 'TestRail', 'Agile', 'Appium', 'ISTQB']"
DevOps Engineer,Devops,Mid,"['DevOps tools', 'Kubernetes', 'Google Cloud Platform', 'Python', 'Go']"
Mid Azure Data Engineer,Data,Mid,"['Azure Data Lake', 'Azure Synapse Analytics', 'Azure Data Factory', 'Spark / pySpark / Python', 'SQL', 'Azure Databricks', 'Azure Stream Analytics', 'Azure Event hub', 'Git/SVN', 'Data Streaming and Kafka']"
Data Engineer with Azure,Devops,Senior,"['Azure', 'Python', 'Spark', 'Scala', 'CI/CD', 'SQL']"
Inynier Systemowy,Admin,Mid,"['GNU / Linux', 'PostgreSQL', 'Docker', 'TCP/IP', 'SQL', 'Bash', 'Python']"
Data Transformation Consultant,Data,Mid,"['SQL', 'Python', 'PySpark', 'Apache Spark', 'Databricks', 'Palantir Foundry', 'JIRA', 'Confluence', 'Git', 'Docker']"
DevOps Engineer,Devops,Senior,"['S-SDLC', 'CI/CD', 'Jenkins', 'Snyk', 'SonarQube', 'Kubernetes', 'Argo', 'Python']"
Advanced Analytics Consultant,Analytics,Senior,"['Analytics', 'Python', 'R', 'SQL', 'SAS', 'Data', 'Databricks', 'AWS', 'Azure', 'GCP']"
DevOps Tech Lead,Devops,Senior,"['SaaS', 'kubernates', 'Cloud', 'Team Management', 'K85', 'CI/CD', 'Python']"
Python Developer,Python,Mid,"['Python', 'Django', 'Git', 'JIRA', 'SQL', 'NoSQL']"
Lead Data Eng for ML Advanced Analytics,Data,Senior,"['Python', 'AWS stack', 'SQL', 'Apache Nifi']"
Data Visualization Consultant all levels,Data,Mid,"['Data', 'Power BI', 'SQL', 'QlikSense', 'Tableau', 'RPA', 'SAP', 'Scala', 'Java', 'Python']"
Python Developer (exp. medical devices),Python,Senior,"['Python or JavaScript', 'Django or Next.js', 'medical device industry', 'C or similar', 'React', 'D3.js', 'UX & UI']"
Tester/ka Manualny/a,Testing,Mid,"['SQL', 'Redmine', 'JIRA', 'Postman', 'SoapUI', 'Python', 'Java', 'Selenium']"
Embedded QA Engineer with Python,Python,Mid,"['Python', 'Embedded', 'Test Automation', 'pytest']"
Python Developer z Chemi / Biologi,Python,Mid,"['Polish', 'English', 'Python', 'Django', 'Chemistry', 'Biology', 'Flask', 'React', 'Angular', 'Docker']"
Senior Linux Administrator,Admin,Senior,"['Linux', 'Bash', 'Python', 'Cloud']"
DevOps Engineer - Internal Project,Devops,Mid,"['Cloud', 'CI/CD', 'Virtualization', 'Git', 'Linux', 'Kubernetes', 'Bash', 'Python', 'Docker']"
Data & BI Developer,Data,Senior,"['T-SQL', 'Microsoft Power BI', 'ETL', 'Azure', 'Python', 'DAX', 'Azure Analysis Services', 'Azure Databricks', 'Synapse Analytics', 'Data Factory']"
Data Scientist,Data,Mid,"['Python', 'R', 'SQL', 'Deep Learning', 'Machine Learning']"
Senior Python Developer,Python,Senior,"['Python', 'Docker', 'Kubernetes']"
Machine Learning Engineer,Python,Mid,"['PyTorch', 'Python', 'Deep Learning', 'Git', 'Docker', 'Linux', 'Machine Learning', 'Kubernetes', 'Computer Vision', 'OpenCV']"
Senior Python Developer,Python,Senior,"['Python', 'PostgreSQL', 'English', 'fastapi', 'Java', 'JavaScript', 'Go']"
Senior Python Developer,Python,Senior,"['Python', 'Software Design', 'English', 'AWS']"
Client Solutions Engineer,Python,Mid,"['Software Design', 'English', 'Python', 'AWS']"
Graduate QA Engineer,Testing,Junior,"['Linux', 'Python', 'Test Automation', 'Java', 'Analytics', 'Testing', 'Networking', 'Bash']"
Python Tech Lead,Python,Senior,"['Python', 'Amazon AWS', 'CI/CD', 'Agile', 'GraphQL', 'DDD']"
Python Developer,Python,Mid,"['Python 3.x', 'PostgreSQL', 'SQLAlchemy', 'Flask', 'GraphQL', 'Event sourcing']"
Freelance QA Automation Engineer,Testing,Senior,"['English', 'Python', 'Test Automation', 'Appium or pytest']"
System Administrator,Admin,Mid,"['Linux', 'Python', 'Shell', 'English', 'AWS', 'Docker', 'Jenkins', 'NGINX', 'Azure', 'Salt']"
Remote Senior Data Engineer,Python,Senior,"['Python', 'ETL', 'ETL tools', 'Databases', 'ML', 'Data', 'NoSQL', 'Cloud']"
Python Developer (Remote),Python,Mid,"['English', 'Polish', 'Python', 'SQL', 'Django', 'Docker', 'Flask', 'Google Cloud', 'OpenCV', 'Pandas']"
Praktyki Automation Developer,Support,Junior,"['Java', 'Python', 'JavaScript']"
Mid Python Developer,Python,Mid,"['Git', 'GitFLow', 'Django', 'Django Rest Framework', 'Docker', 'Flask', 'Kubernetes', 'GraphQL', 'Blockchain']"
"Junior Data Engineer (Communication, Media & Technology)",Data,Junior,"['Azure', 'AWS', 'GCP', 'SQL', 'Python']"
DevOps (Data Analytics),Devops,Senior,"['Python', 'Elasticsearch']"
"Senior Engineering Manager, Merchant Ser",Python,Senior,"['Python', 'JIRA', 'Kotlin', 'GitHub', 'Kibana']"
Software Engineer (Merchant Servicing),Python,Mid,"['Python', 'Kotlin', 'React']"
Application Security Engineer,Security,Mid,"['AppSec', 'WebSec', 'NetSec', 'Go', 'Python', 'Ruby']"
Lead Data Engineer,Data,Senior,"['ETL', 'ELT', 'SQL', 'Python']"
Senior Research Scientist,Data,Senior,"['Python', 'Deep Learning', 'Machine Learning', 'NLP']"
Automation Engineer,Testing,Mid,"['VBS', 'Powershell', 'C#', '.NET Core', 'PostgreSQL', 'Python', 'Azure']"
Data Scientist,Data,Mid,"['SQL', 'Python', 'Business Analysis']"
CyberSecurity Engineer,Python,Mid,"['Python', 'JavaScript', 'PostgreSQL']"
Information Security Analyst (CSIRT),Security,Senior,"['Python', 'Bash', 'Perl', 'Powershell', 'SIEM', 'GIAC', 'OSCP']"
DevOps Engineer,Devops,Mid,"['JavaScript', 'Python', 'Dart']"
Quality Assurance Engineer,Python,Mid,['Python']
Senior Devops (Service Infrastructure),Devops,Senior,"['AWS', 'Kubernetes', 'Python']"
Devops Engineer (Service Infrastructure),Devops,Mid,"['AWS', 'Kubernetes', 'Python']"
DevOps Engineer,Devops,Mid,"['Kubernetes', 'Python', 'Docker', 'Google Cloud Platform', 'Linux']"
Architecture Engineer & Team Leader,Architecture,Senior,"['Embedded Systems', 'C++', 'CMake', 'Unit Testing', 'Python', 'Bash']"
Lead Analyst - Power BI,Analytics,Mid,"['Power BI', 'Python']"
Senior Data Scientist,Data,Senior,"['Python', 'PySpark', 'Pandas', 'Jupyter', 'NumPy', 'SQL']"
ML Developer Researcher,Python,Mid,"['Python', 'poetry', 'MLflow', 'DVC', 'GitLab', 'Docker', 'MLOps', 'mypy']"
Lead ML Developer Researcher,Python,Senior,"['Python', 'poetry', 'MLflow', 'DVC', 'GitLab', 'Docker', 'MLOps', 'mypy']"
SRE Engineer(RnD),Devops,Senior,"['Ruby', 'Python', 'Java', 'Datadog', 'ELK', 'PMM', 'Ansible', 'SaltStack', 'Kubernetes', 'CI/CD']"
Senior Web Scraper,Python,Senior,"['WebScraping', 'Python', 'PHP', 'Java', 'JavaScript', 'XPath', 'JSON']"
Senior Python Engineer,Python,Senior,"['Python', 'Docker', 'Kubernetes', 'Unix', 'Cloud', 'DevOps tools', 'Networking', 'SDK']"
Senior Network Engineer in Security,Security,Senior,"['Networks', 'Network Security', 'Firewall', 'routers', 'Linux', 'Python', 'Bash']"
Cloud DevOps Engineer,Devops,Mid,"['CI/CD', 'Terraform', 'IAM', 'Bash', 'Python', 'Powershell', 'Azure ARM', 'Ansible', 'Puppet']"
Python/Fullstack Developer,Python,Mid,"['Python', 'English', 'MySQL / PostgreSQL', 'Linux / Unix', 'Amazon AWS', 'NGINX', 'Angular']"
DevOps Engineer,Devops,Senior,"['Python', 'Cloud', 'Kubernetes']"
DevOps Engineer,Devops,Senior,"['Docker', 'Kubernetes', 'Python', 'Cloud']"
Mid Data Scientist,Python,Mid,"['Polish', 'Python', 'English', 'Docker', 'Git', 'User Stories', 'Data Visualization', 'Microservices', 'AWS', 'PyTorch']"
Staff Network Engineer,Support,Senior,"['Networking', 'TCP', 'WAN & LAN', 'English', 'Juniper', 'Palo Alto', 'Python', 'Ansible', 'Meraki', 'F5']"
Automation Test Engineer,Testing,Mid,"['Python', 'REST', 'pytest', 'CI/CD', 'AWS', 'Ansible', 'Terraform', 'Jenkins', 'Docker', 'Kubernetes']"
Cloud Developer,Devops,Mid,"['Python', 'Docker', 'TypeScript', 'Kubernetes', 'Azure', 'JavaScript', 'HTML', 'CSS', 'MySQL']"
Data Engineer,Python,Mid,"['Python', 'SQL', 'Machine Learning', 'Azure', 'NoSQL']"
Senior Application Support Engineer,Devops,Senior,"['AWS', 'CI/CD tools', 'Linux', 'Ansible', 'Python', 'Pulumi', 'Terraform', 'TypeScript']"
Senior Automation Tester,Testing,Senior,"['SQL', 'Data Warehousing', 'Python/Powershell/Bash', 'Robot Framework']"
Python Developer,Python,Mid,"['Python', 'Django', 'Flask', 'fastapi']"
Data Engineer,Data,Mid,"['MS SQL Server', 'ETL tools', 'Python', 'Azure Factory', 'Data Lake']"
QA Automation Engineer with Python,Testing,Senior,"['English', 'Python', 'Test Automation', 'Appium or pytest']"
QA Manager for SD-WAN project,Testing,Mid,"['Python', 'QA']"
Network Operations Center Specialist,Support,Mid,"['Linux', 'English', 'Team Player', 'Communication Skills', 'Problem Solving', 'SQL', 'Python', 'MySQL', 'TCP', 'ITIL']"
Senior Software Engineer (Multicloud),Devops,Senior,"['Kubernetes', 'Python', 'Golang', 'AWS', 'Google Cloud', 'Azure']"
Senior Security Engineer,Security,Senior,"['Cloud Platform', 'Security', 'analisys', 'Git', 'Powershell', 'Bash', 'Python', 'Java', '.Net', 'JavaScript']"
Data Engineer | Cloud&Engineering,Data,Mid,"['Microsoft Azure Cloud', 'SQL', 'C', 'Scala/ Python', 'OLTP/OLAP', 'Big Data', 'English']"
Software Developer,Python,Junior,"['JS', 'Linux', 'GitHub', 'Python']"
DevOps Engineer,Devops,Mid,"['Golang', 'Python', 'AWS', 'CI/CD', 'IaC', 'Terraform', 'Docker', 'Datadog', 'Kubernetes', 'Shell Scripting']"
Python Developer,Python,Mid,"['Python 3.9', 'multiprocessing', 'PostgreSQL', 'Git', 'JavaScript (jQuery)', 'Django / FastAPI / Flask', 'genicam']"
Python Developer,Python,Mid,"['Python', 'Django', 'SQL', 'NoSQL', 'Git', 'Celery', 'RabbitMQ', 'JIRA', 'Agile']"
Test Automation Engineer,Testing,Mid,"['Java / JS / Python / C#', 'test frameworks']"
Software Development Engineer III  Data (Forecast),Data,Senior,"['Big Data', 'Hadoop', 'Databases', 'Design Patterns', 'Spark', 'PySpark', 'Python', 'Pandas']"
Python Developer,Python,Mid,"['Python', 'Django', 'unit tests', 'Git', 'Docker', 'HTML', 'CSS', 'JS', 'Youtrack/JIRA']"
Python FullStack Developer,Python,Senior,"['Python', 'Django', 'ReactJS', 'REST API', 'CI/CD', 'PostgreSQL']"
PostgreSQL Developer,Data,Mid,"['SQL', 'PostgreSQL', 'ETL', 'Python', 'Big Data', 'Power BI']"
QA Tech Lead,Testing,Senior,"['Test planning', 'Test Automation', 'Python', 'JavaScript', 'software testing']"
Principal Engineer,Python,Senior,"['Python', 'Django', 'Django Rest Framework', 'English', 'AWS', 'Project Management', 'process management', 'Polish', 'Coaching skills', 'Quality Control']"
Remote Python Developer,Python,Mid,"['Python', 'English', 'HTTP protocol']"
Administrator Systemw IT,Python,Mid,"['C', 'C++', 'Python']"
Embedded System Tester (m/f),Python,Junior,"['Linux', 'C', 'Python', 'ARM Cortex', 'EMC', 'PSpice / LTSpice']"
SysOps Engineer,Devops,Mid,"['Kubernetes', 'IAS', 'CI/CD', 'Ansible', 'POSIX shell', 'Python', 'Go', 'Azure', 'AWS', 'GCP']"
Senior Python Engineer,Python,Senior,"['Python', 'PostreSQL', 'AWS', 'Docker']"
Observability Platform Engineer,Other,Mid,"['InfluxDB', 'Python', 'Linux', 'ELK Stack']"
Cloud DevOps Engineer,Devops,Senior,"['Python', 'SQL', 'Git', 'AWS']"
Senior Python Developer/Fullstack Dev,Python,Senior,"['Python', 'Git', 'English']"
Data Engineer (f/m),Data,Mid,"['Python', 'SQL', 'Bazy Danych', 'R']"
Data Scientist,Data,Mid,"['SQL', 'Python', 'SAS 4GL', 'j.angielski']"
Sr. Backend developer / Lead Architect,Python,Senior,"['Python', 'Django', 'Azure DevOps', 'Informatica Powercenter', 'React']"
Software Test Engineer (Tests Automation) (m/f),Python,Junior,"['Linux', 'Python', 'Bash', 'Git', 'SVN']"
Senior Data Scientist,Data,Senior,"['Data', 'Computer science', 'Cybersecurity', 'data analytics', 'spl', 'Cloud', 'Python', 'Bash', 'Windows', 'Linux']"
Senior AWS Cloud Engineer (Java),Python,Senior,"['Polish', 'English', 'Python', 'AWS', 'Microservice Architecture', 'API', 'Java', 'Docker', 'Elasticsearch', 'DevOps']"
Lead Python Engineer,Python,Senior,"['Python', 'Django', 'Spark', 'Flask', 'Big Data', 'Data Science']"
Automation Tester - Tribe Billing,Testing,Mid,"['Robot Framework', 'Python', 'JIRA', 'Git', 'Confluence']"
Senior Data Engineer,Data,Senior,"['Python', 'SQL', 'ETL tools']"
QA Engineer with Automation,Testing,Mid,"['Testing', 'Python', 'Test Automation', 'Cucumber', 'Mobile App Testing', 'JIRA']"
Value-added service Engineer,Admin,Mid,"['vas', 'SMSC', 'IMS', 'vPBX', 'Perl', 'Python', 'Bash', 'Linux']"
Python Developer / ML Engineer,Python,Mid,"['Python', 'Machine Learning', 'Databricks', 'PySpark', 'Spark', 'SQL', 'Azure']"
Mid AWS Data Engineer,Data,Mid,"['Amazon AWS', 'Big Data', 'Linux', 'Python', 'PostgreSQL', 'Git']"
Software Engineer,Python,Senior,"['Python', 'C++', 'Node.js']"
Python Dev - in-house Engineering Tools,Python,Mid,"['pytest', 'Pandas', 'AI/ML', 'Git', 'dash', 'Django', 'Flask', 'Selenium', 'Java', 'CI/CD']"
Senior Operations Engineer & Team Lead - remote,Pm,Senior,"['Linux', 'English', 'HTTP', 'Ruby', 'Python', 'Unix']"
Mentor / Trener kursu Python,Python,Mid,['Python']
Devops Engineer / Linux administrator,Devops,Senior,"['Linux', 'Docker', 'Kubernetes', 'CI/DC', 'GitLab', 'Terraform', 'Amazon AWS', 'NGINX', 'Bash', 'Python']"
Senior QA Automation Engineer,Testing,Senior,"['Python', 'English', 'Robot Framework', 'REST API']"
Technical Support Lead,Support,Senior,"['Technical Support', 'API', 'SQL', 'English', 'NoSQL', 'MongoDB', 'Java', 'Scala', 'Python']"
Computer Vision & Machine Learning Engineer/Researcher,Python,Mid,"['Python', 'Deep Learning', 'PyTorch', 'Computer Vision', 'Machine Learning', 'Docker', 'TensorFlow']"
DevOps/MLOps Engineer,Devops,Mid,"['Python', 'Docker', 'Cloud', 'Kubernetes', 'Ansible', 'Terraform']"
Junior Computer Vision Engineer,Python,Junior,"['Python', 'Deep Learning', 'Machine Learning', 'PyTorch', 'Computer Vision', 'Docker', 'TensorFlow']"
GCP Data Engineer,Python,Senior,"['Python', 'Data', 'GCP', 'CI/CD']"
Lead Test Automation Engineer,Testing,Senior,"['Test planning', 'Testing Analysis', 'Python/Java']"
Site Reliability Engineer (DevOps),Devops,Mid,"['Java', 'Linux', 'Puppet', 'Jenkins', 'Ansible', 'Elasticsearch', 'Kibana', 'Python', 'Ruby', 'Go']"
Senior DevOps Engineer,Devops,Senior,"['AWS', 'Kubernetes', 'Python', 'Go', 'Bash']"
Staff DevOps Engineer,Devops,Senior,"['Data streaming tools', 'Linux', 'Terraform', 'Docker', 'CI/CD', 'MySQL or Postgres', 'Teamwork', 'Ruby or Python', 'Polish', 'English']"
Python Developer,Python,Senior,"['Python', 'REST API', 'Swagger']"
Data Engineer,Data,Senior,"['Python', 'Data Integration', 'ETL tools', 'Spark', 'AWS', 'Java', 'Hadoop', 'Kafka', 'NIFI']"
DevOps/Cloud Engineer,Devops,Mid,"['AWS', 'Terraform', 'CI/CD', 'Docker/Kubernetes', 'Python']"
Senior System Integration Test Engineer,Testing,Senior,"['Python', 'Linux OS']"
Site Reliability Engineer,Devops,Mid,"['Linux', 'Python / Golang', 'Terraform', 'Google Cloud Platform', 'Reliability Engineering', 'Puppet', 'Ansible', 'CI/CD', 'Troubleshooting', 'Monitoring Tools']"
Staff Python Backend Engineer,Python,Senior,"['Python', 'Backend', 'Databases', 'Linux / Unix', 'Children']"
Linux Administrator,Admin,Mid,"['RHEL', 'Bash', 'Python', 'Ansible', 'Git', 'Kubernetes']"
System Integration Cloud Specialist,Devops,Mid,"['Hardware', 'Software Development', 'Cloud', 'TCP', 'IP', 'Docker', 'OpenShift', 'Test Automation', 'Python']"
Test System Developer,Testing,Mid,"['LabView', 'English', 'Testing', 'Python']"
Data Engineer,Data,Mid,"['Data Science', 'Python', 'SQL', 'Git', 'pytest', 'NumPy', 'ScikitLearn', 'Pandas', 'Azure Data Factory', 'Docker']"
Applications Administrator,Admin,Mid,"['Linux', 'Bash', 'Perl', 'Python', 'Ansible']"
Junior Data Scientist,Data,Junior,"['English', 'NLP', 'TensorFlow', 'Git', 'Python']"
Senior/Lead Data Scientist,Data,Senior,"['Machine Learning', 'Python', 'SQL', 'NLP', 'Computer Vision', 'AWS', 'TensorFlow', 'Spark', 'Kubernetes', 'BI tools']"
QA Automation Lead,Testing,Senior,"['Python', 'English', 'Test Automation', 'Robot Framework', 'Team Leadership']"
Mid Data Analyst & Engineer (Python&SQL),Python,Mid,"['Python', 'SQL', 'Schema Design', 'Redshift', 'PostgreSQL', 'AWS']"
Senior QA Engineer,Testing,Senior,"['JavaScript', 'Cypress', 'CI/CD', 'AWS', 'Python']"
Software Engineer (Python Developer),Python,Mid,"['Python', 'SQL', 'NoSQL', 'Java', 'AWS']"
Remote Mid Data Engineer with Python,Python,Mid,"['Python', 'SQL', 'Scala', 'Databases', 'Apache Spark', 'Apache Airflow', 'NoSQL']"
Mid Python Developer,Python,Mid,"['Python', 'REST API', 'Django', 'Flask', 'Git', 'AWS']"
Senior Jira and Confluence Administrator,Admin,Mid,"['JIRA', 'Confluence', 'Bash', 'Groovy', 'Python', 'Linux']"
Jira and Confluence Administrator,Admin,Mid,"['JIRA', 'Confluence', 'Bash', 'Python', 'Groovy', 'Linux']"
Full Stack Developer (Python + Vue),Python,Mid,"['Python', 'Vue.js', 'pytest', 'PostreSQL', 'AWS']"
QA Engineer (REMOTE),Testing,Senior,"['Automated Testing', 'CI/CD', 'Python', 'PHP']"
Python Developer (mid/senior),Python,Mid,"['Django', 'SQL', 'Software Architecture', 'React', 'Docker', 'AWS']"
AWS Data Engineer,Python,Mid,"['Python', 'AWS', 'EC2', 's3', 'Lambdas', 'API Gateway']"
Senior DevOps Engineer,Devops,Senior,"['AWS', 'Terraform', 'Ansible', 'Python', 'Linux', 'Docker', 'Kubernetes', 'Google Cloud']"
Python Developer,Python,Mid,"['Python', 'Web Applications', 'Microservices', 'SQL', 'REST API', 'Docker', 'React', 'Microsoft Azure', 'Apache Kafka', 'RabbitMQ']"
Data Engineer AI ML Chatbot,Data,Mid,"['Python', 'AI', 'ML']"
Junior Python Developer,Python,Junior,"['Python', 'Linux', 'Git', 'REST', 'DevOps', 'Microservices']"
Senior Cloud & Hosting services Engineer,Python,Senior,"['Java', 'Python', 'Git', 'Node', 'Terraform', 'Cloud', 'Linux']"
Backend Python Developer,Python,Mid,"['Python', 'HTTP protocol', 'TCP', 'Ansible', 'Puppet']"
Technical Lead,Other,Mid,"['Leadership', 'Software Development', 'Problem Solving', 'Communication Skills', 'Analytics', 'Python', 'PHP', 'C#', 'Management', 'JavaScript']"
Data Architect- Team Lead,Data,Senior,"['ETL tools', 'SQL', 'Python', 'Apache Spark']"
Big Data Engineer,Data,Mid,"['Python', 'ETL', 'MySQL']"
ASR/NLP Research Engineer (Mid or SR),Python,Senior,"['Python 3.11', 'Machine Learning', 'Algorithms', 'PyTorch', 'NLP', 'Azure', 'TensorFlow']"
Junior Data Engineer,Data,Junior,"['SQL', 'T-SQL', 'Python', 'SSIS', 'Airflow', 'Azure']"
Tester oprogramowania,Testing,Mid,"['Manual Testing', 'Web Application Testing', 'Mobile App Testing', 'JIRA', 'Postman', 'API', 'Test Automation', 'Python', 'JavaScript', 'Git']"
System Engineer (DevOps),Devops,Senior,"['AWS/Azure/GCP', 'Docker', 'Kubernetes', 'Terraform', 'Ansible', 'English', 'Python', 'Oracle Cloud']"
RPA Developer Robotic Process Automation,Python,Junior,"['Python', 'Selenium', 'MySQL']"
Data Scientist / Data Science Advisor,Python,Mid,"['Data Science / ML', 'Python', 'Feature Engineering']"
Programista Python i C/C++,Python,Junior,"['Python', 'C', 'C++', 'Git']"
SDK Engineering Manager,Pm,Senior,"['REST API', 'JavaScript', 'TypeScript', 'Rust', 'C', 'Python']"
Python Team Lead (Tagging Tools Lead),Python,Senior,"['Python', 'Django', 'Team Leadership', 'SQL', 'NoSQL', 'Machine Learning']"
Mid/Sr Fullstack Developer (Python + JS),Python,Senior,"['JavaScript', 'React', 'Python', 'UI/UX']"
Site Reliability Engineer,Devops,Senior,"['Docker', 'Kubernetes', 'Azure', 'Ansible', 'Chef', 'Puppet', 'Go', 'Python', 'Groovy', 'Bash']"
Senior Software Engineer,Python,Senior,"['Linux', 'Python', 'Rust']"
Data Engineer,Data,Senior,"['Power BI', 'Python', 'R', 'SQL']"
Senior Machine Learning Engineer,Python,Senior,"['Python', 'SQL', 'Machine Learning', 'AWS']"
Solution Architect - Data and Analytics,Architecture,Senior,"['AWS', 'Python', 'Microservices', 'Architecture', 'Data Mesh']"
Backend Engineer w/ Python (REMOTE),Python,Mid,"['Python', 'Django']"
Senior QA Engineer,Python,Senior,"['Python', 'pytest', 'REST API', 'Jenkins', 'GitLab', 'SQL']"
Junior Odoo Developer,Python,Junior,"['Odoo', 'Python', 'PostgreSQL', 'HTML', 'JavaScript', 'Git', 'Azure DevOps']"
Software Development Engineer in Test,Testing,Mid,"['Python', 'Java', 'JS', 'TS', 'E2E', 'AWS', 'CI/CD', 'REST API', 'English', 'Microservices']"
Administrator Linux (Red Team Member),Admin,Mid,"['Linux', 'Bash', 'C&C servers', 'Python', 'Ruby']"
QA Engineer,Testing,Mid,"['Selenium', 'C#', 'REST API', 'Postman', 'Python']"
Senior Software Development Engineer,Python,Senior,"['Python/ Ruby/ Go/ C/ C++', 'MySQL', 'PostgreSQL', 'AWS']"
Quality Assurance Engineer,Testing,Mid,"['Python', 'Git', 'JIRA']"
QA Automation Engineer,Testing,Senior,"['Cypress', 'Locust', 'TypeScript', 'Python', 'English']"
Remote Mid/Senior Python Dev | may team,Python,Senior,"['Django', 'Linux', 'Git', 'JavaScript', 'CSS', 'HTML', 'DevOps', 'AWS', 'Elasticsearch', 'PostgreSQL']"
Machine Learning Ops Engineer,Python,Mid,['Python 3']
Full Stack Developer (React + Python),Python,Mid,"['React', 'Python 3.x', 'HTML5', 'Functional Programming', 'Unit Testing']"
Senior Data Engineer,Python,Mid,"['Python', 'ETL', 'Linux', 'SQL', 'Apache Spark']"
Senior Data Engineer,Data,Senior,"['Problem Solving', 'TensorFlow', 'PyTorch', 'Python', 'MongoDB', 'MySQL', 'PostgreSQL']"
Python/Java Developer (Mid/Sr) Remote,Python,Mid,"['Python', 'Java', 'AWS', 'REST API', 'English', 'NoSQL', 'Azure', 'GCP', 'Microservices', 'SaaS']"
DevOps Engineer with Data Mid+,Devops,Mid,"['Python', 'CI/CD', 'Big Data', 'AWS Glue', 'Terraform', 'Kubernetes', 'MS Azure', 'Cloudera Data Platform', 'Cloudera HDP', 'AWS Redshift']"
Senior Python Developer,Python,Senior,"['Rdmbs', 'NoSQL', 'REST']"
Software Engineer ,Devops,Mid,"['GIS', 'SQL', 'JavaScript', 'LOD', 'PHP', 'Python']"
Cloud Engineer,Python,Mid,"['Google Cloud', 'Kubernetes', 'Terraform', 'GitLab', 'Linux', 'Bash', 'Python', 'GitOPS']"
DevOps Engineer,Devops,Mid,"['CI/CD', 'Docker', 'Kubernetes', 'Terraform', 'Python/Bash']"
Data Analyst with programming skills,Data,Mid,"['Python', 'SQL', 'R']"
R&D engineer,Python,Mid,"['Algorithms', 'Python', 'Image Processing', 'Machine Learning', 'C++', 'IoT', 'Big Data', 'Data Science', 'Go', 'Distributed systems']"
Lead DevOps Engineer,Devops,Senior,"['DevOps', 'Problem Solving', 'Analytical Thinking', 'Teamwork', 'Team Leadership', 'CI/CD', 'Experience in scripting and automation', 'English', 'Python']"
Systems Administrator,Admin,Mid,"['Linux', 'Red Hat', 'Bash', 'Python', 'Cisco', 'Ansible']"
AWS DevOps Engineer,Devops,Mid,"['Docker', 'K8S', 'Jenkins', 'Bash', 'Python', 'Terraform', 'Amazon AWS', 'Golang']"
DevSecOps Engineer,Devops,Mid,"['AWS', 'Terraform', 'GitLab', 'Jenkins', 'Python']"
Senior Python Engineer at Orca Security,Python,Senior,"['Python', 'AWS', 'Kubernetes']"
Python Developer,Python,Mid,"['Pyhon', 'Django', 'Git', 'Linux', 'TypeScript']"
Python Developer,Python,Mid,"['Python', 'Scripting', 'Linux (Debian)', 'SQL']"
Python Developer,Python,Mid,"['Git', 'Python', 'Django / Twisted / Flask']"
Site Reliability Engineer,Devops,Senior,"['Python', 'English', 'Terraform', 'AWS']"
Senior System & Network Administrator,Admin,Senior,"['Linux', 'IT Security', 'Bash', 'Python', 'Networking', 'Virtualization']"
ML Engineering Manager,Data,Senior,"['Data Science', 'Machine Learning', 'Python', 'AWS', 'People Management']"
Senior Support Engineer,Support,Senior,"['Technical Support', 'English', 'API', 'SQL', 'NoSQL', 'MongoDB', 'Java', 'Scala', 'Python', 'Bash']"
Data Engineer,Data,Mid,"['English', 'SQL', 'Python', 'cloud-based ETL/ELT tools', 'Linux']"
Tester (motoryzacja),Testing,Mid,"['Testing', 'TypeScript', 'JavaScript', 'Python', 'Java', 'C#', 'C', 'ISTQB', 'German', 'English']"
"Principal, Domain Architect",Architecture,Senior,"['Linux', 'Kubernetes', 'Python/Bash', 'GitLab', 'Ansible', 'SQL', 'NoSQL']"
Mid Data Engineer,Data,Mid,"['Python', 'IoT', 'Azure Databricks', 'Azure Data Lake Store', 'PySpark', 'Airflow', 'English']"
Remote Mid DevOps Engineer,Devops,Mid,"['AWS', 'DevOps', 'Docker', 'Bash', 'Python', 'Git', 'Terraform', 'CI/CD', 'CircleCI']"
Senior Data Engineer,Data,Senior,"['Python', 'SQL', 'AWS', 'Snowflake', 'DBT', 'Data modeling', 'Airflow', 'Docker']"
Junior Python Developer,Python,Junior,"['Python', 'RASA', 'Docker', 'AWS']"
"Senior Data Scientist, Marketing",Data,Senior,"['Marketing-mix modelling', 'SQL', 'Fluent in English', 'Econometrics', 'R', 'Python', 'STATA', 'Mathlab']"
Python Developer,Python,Mid,"['Python', 'Docker', 'PostgreSQL', 'SQLAlchemy', 'GraphQL']"
Test Automation Engineer,Testing,Mid,"['Java', 'Python', 'C#']"
Data Architect,Data,Senior,"['Big Data', 'Java', 'Scala', 'Python', 'Agile']"
Python Backend Developer,Python,Senior,"['Python', 'PostgreSQL', 'PyCharm', 'Jenkins', 'Linux', 'GitHub', 'RabbitMQ', 'Redis', 'MongoDB', 'JavaScript']"
MID Python Backend Developer,Python,Mid,"['Linux', 'Jenkins', 'GitHub', 'RabbitMQ', 'Nagios', 'Ansible', 'ScyllaDB', 'PostgreSQL', 'Redis', 'JavaScript']"
Python Developer (level Senior),Python,Senior,['Python']
DevOps Engineer,Devops,Mid,"['Azure', 'Docker', 'Linux', 'Bash', 'Python', 'Bitbucket', 'CI/CD', 'IaC', 'Kibana', 'MySQL']"
Akademia IT - Data Scientist (Python),Data,Junior,"['Data Science', 'Python', 'Scrum']"
Senior Python Test Automation Engineer,Python,Senior,"['Python', 'Test Automation', 'Selenium WebDriver', 'JavaScript']"
Senior Python Engineer,Python,Senior,"['Python', 'Git', 'SQL', 'AWS Serverless', 'AWS', 'Docker', 'Kubernetes']"
Senior Python Test Automation Engineer,Python,Senior,"['Selenium', 'Cucumber', 'Robot Framework', 'SQL', 'Docker', 'Git', 'Jenkins']"
Data Engineer,Data,Mid,"['Python', 'SQL', 'GraphQL', 'AWS', 'TypeScript', 'Go', 'Rust']"
Engineering Manager,Data,Senior,"['TypeScript', 'Python', 'SQL', 'People Management', 'Golang']"
Senior Data Engineer,Data,Senior,"['JavaScript', 'TypeScript', 'Python', 'SQL', 'GraphQL', 'AWS', 'Snowflake', 'Go']"
"Analytics Engineer, Monetisation",Analytics,Mid,"['SQL', 'Python', 'Java', 'Scala']"
Data Engineer,Data,Mid,"['Python', 'Spark', 'SQL', 'AWS', 'DBT']"
Senior Data Scientist,Data,Senior,"['Python', 'SQL', 'Spark']"
PROGRAMISTA PYTHON,Python,Mid,"['Python', 'Kubernetes', 'OpenShift', 'Docker', 'Azure', 'Google Cloud', 'Linux', 'Scrum', 'Git', 'TDD']"
Backend Python Developer,Python,Mid,"['Python', 'AWS', 'Linux']"
Mid Azure Data Engineer,Data,Mid,"['Azure Data Lake', 'Azure Synapse Analytics', 'Azure Data Factory', 'Spark / pySpark / Python', 'SQL', 'Azure Databricks', 'Azure Stream Analytics', 'Azure Event hub', 'Git/SVN', 'Data Streaming and Kafka']"
Mid Data Analyst & Engineer (Python&SQL),Python,Mid,"['Python', 'SQL', 'Schema Design', 'Redshift', 'PostgreSQL', 'AWS']"
Data Engineer,Data,Mid,"['Apache Spark', 'Cloud', 'JVM', 'Python', 'Big Data', 'Airflow', 'Docker', 'Kubernetes', 'Kafka']"
Embedded Software Tester (C),Testing,Mid,"['vTsystem', 'vTestStudio', 'winIdea', 'Tessy', 'PTC Integrity', 'Eclipse', 'C', 'Python', 'CAPL', 'Embedded']"
Mid Backend Engineer (Python),Python,Mid,"['Python', 'Django', 'Django Rest Framework', 'English', 'AWS', 'Docker', 'Celery']"
Remote Python Developer,Python,Mid,"['Python', 'English', 'HTTP protocol']"
Python FullStack Developer,Python,Senior,"['Python', 'Django', 'ReactJS', 'REST API', 'CI/CD', 'PostgreSQL']"
Technical Support Lead,Support,Senior,"['Technical Support', 'API', 'SQL', 'English', 'NoSQL', 'MongoDB', 'Java', 'Scala', 'Python']"
Senior Automation Tester,Testing,Senior,"['SQL', 'Data Warehousing', 'Python/Powershell/Bash', 'Robot Framework']"
Junior Python Developer,Python,Junior,"['Python', 'Linux', 'Git', 'REST', 'DevOps', 'Microservices']"
Site Reliability Engineer,Devops,Mid,"['Linux', 'Python / Golang', 'Terraform', 'Google Cloud Platform', 'Reliability Engineering', 'Puppet', 'Ansible', 'CI/CD', 'Troubleshooting', 'Monitoring Tools']"
Remote Mid Data Engineer with Python,Python,Mid,"['Python', 'SQL', 'Scala', 'Databases', 'Apache Spark', 'Apache Airflow', 'NoSQL']"
Tester oprogramowania,Testing,Mid,"['Manual Testing', 'Web Application Testing', 'Mobile App Testing', 'JIRA', 'Postman', 'API', 'Test Automation', 'Python', 'JavaScript', 'Git']"
Remote Senior Data Engineer,Python,Senior,"['Python', 'ETL', 'ETL tools', 'Databases', 'ML', 'Data', 'NoSQL', 'Cloud']"
Staff DevOps Engineer,Devops,Senior,"['Data streaming tools', 'Linux', 'Terraform', 'Docker', 'CI/CD', 'MySQL or Postgres', 'Teamwork', 'Ruby or Python', 'Polish', 'English']"
 GoLang Backend Developer ,Python,Mid,"['Golang', 'Python', 'Bash', 'Go', 'databases']"
 Remote Python Developer ,Python,Mid,"['Python', 'Docker', 'Kubernetes', 'SQL']"
 Mid/Senior Python DevOps Engineer ,Devops,Mid,"['Python', 'Bash', 'Varnish', 'Nginx', 'Linux', 'Docker', 'GitLab', 'Celery', 'PostgreSQL', 'Ansible', 'Terraform', 'AWS']"
 BI Reporting  ,Analytics,Mid,"['spotfire', 'Python', 'SQL']"
 Azure Tech Lead ,Analytics,Senior,"['Azure', 'Data Engineering', 'SQL', 'ETL', 'Python', 'Azure Data Factory', 'PySpark', 'Azure Databricks', 'ADLS', 'Azure Synapse', 'DWH', 'CI/CD', 'Cloud environment', 'Proactivity', 'Critical thinking', 'Team Player', 'Leadership and management skills', 'DP-201', 'DP-203', 'AZ-400', 'Technical Leadership and Architecture']"
 Senior Test Automation Engineer (Python) ,Testing,Senior,"['Python', 'Selenium', 'pytest', 'QA', 'CI/CD', 'Kubernetes', 'AWS', 'Cypress']"
 DevOps Engineer ,Devops,Mid,"['Bash/Python/Golang', 'Docker', 'Linux', 'CI/CD', 'Kubernetes', 'Terraform', 'PostgreSQL', 'MySQL', 'LAN', 'WAN', 'Grafana', 'Prometheus', 'JVM', 'Elasticsearch', 'GCP', 'AWS']"
 Python Developer ,Python,Mid,"['Python', 'Django', 'REST', 'Docker']"
 Test Engineer for Avigilon Cameras ,Testing,Mid,"['Python', 'Photography']"
 Manager of QA & Automation ,Testing,Senior,"['Selenium', 'Puppeteer', 'Cypress', 'Appium', 'SoapUI', 'Rest-Assured', 'Postman', 'Java', 'JavaScript', 'Python', 'C#', 'SQL', 'Relational database', 'REST', 'SOAP', 'CRM', 'DMS', 'ERP', 'SAP', 'Katalon Studio', 'Tricentis Tosca', 'Micro Focus UFT', 'ISTQB']"
  Senior DevOps Engineer (Azure)  ,Devops,Senior,"['Microservices', 'Docker', 'Kubernetes', 'Linux', 'Windows', 'PowerShell', 'Python', 'Ruby', 'Golang', 'Puppet', 'Progress Chef', 'Protocols', 'Tomcat', 'IIS', 'SQL Server', 'DevOps', 'CI/CD', 'Azure', 'Microsoft Azure', 'Azure Cloud']"
  NLP Engineer  ,Data,Mid,"['Python', 'Linux', 'NLP', 'Machine Learning', 'Keras', 'scikit-learn', 'PyTorch', 'TensorFlow', 'C++']"
 Python Developer ,Python,Mid,"['Python', 'Git', 'Linux', 'Docker', 'SQL', 'Python', 'Django', 'Celery', 'Redis', 'PostgreSQL', 'Google cloud platform']"
 NLP Developer ,Data,Mid,"['Python', 'AI', 'TensorFlow', 'PyTorch', 'Hugging Face', 'Flask', 'NLP', 'FastAPI']"
 Python Developer with Django ,Python,Mid,"['Python', 'Django', 'SQL', 'AWS']"
 ETL Developer ,Data,Mid,"['Azure', 'ETL', 'SQL', 'Data engineering', 'Azure Data Factory', 'Azure Databricks', 'NoSQL', 'FTP', 'Python', 'Kafka', 'Vault', 'Azure Cloud', 'Azure Data', 'Blob Storage', 'Azure DevOps', 'Azure Storage', 'Azure Monitor', 'Git', 'Oracle', 'PowerBI', 'Visual Studio', 'PowerShell', 'Jira', 'Confluence', 'Spark', '.NET', 'SSIS', 'C#']"
 Senior Data Engineer ,Data,Mid,"['ETL', 'Python', 'Airflow', 'AWS', 'GIT', 'SQL', 'Spark', 'Snowflake', 'Hadoop', 'Machine Learning', 'Java', 'Docker', 'Kubernetes', 'AWS S3', 'Amazon EKS', 'Glue', 'Prometheus', 'Grafana', 'CI/CD', 'Tableau']"
 Data Engineer ML ,Data,Senior,"['Python', 'QA', 'AI', 'Machine Learning', 'Microservices', 'PyTorch']"
 Python Developer z chemi / biologi ,Python,Mid,"['Python', 'Git', 'React', 'Docker', 'Linux', 'Django', 'Celery', 'CSS', 'Angular']"
 Data Engineer ,Other,Senior,"['Python', 'Scala', 'AWS', 'Kinesis', 'Kafka', 'Spark', 'PySpark', 'Flink', 'Hadoop', 'Storm', 'Hive', 'GCP', 'Azure', 'SQL', 'Snowflake', 'NoSQL', 'AWS Redshift', 'BigQuery', 'PostgreSQL', 'MySQL', 'MongoDB', 'Apache Airflow', 'Glue', 'Azure Data Factory', 'Talend', 'Azure Data', 'AWS ECS', 'AWS Lambda', 'Informatica', 'Databricks', 'Machine Learning', 'SQL/NoSQL', 'Docker', 'ECS', 'Kubernetes', 'Azure Data Lake', 'Apache Hudi', 'Apache Iceberg', 'Delta lake', 'JSON', 'XML', 'Proto', 'Parquet', 'Avro', 'ORC']"
 Remote Senior Cloud ETL Developer (GCP) ,Data,Senior,"['GCP', 'ETL', 'BigQuery', 'Cloud Composer', 'Airflow', 'Python', 'SQL', 'Java']"
 Senior QA Engineer with Python ,Testing,Senior,"['Python', 'SQL', 'Robot Framework']"
 Snowflake Engineer ,Data,Mid,"['Snowflake', 'DWH', 'SQL', 'Python', 'Java', 'Scala', 'ETL']"
 Junior Python Developer ,Python,Junior,"['Python', 'HTML', 'SQL', 'JavaScript', 'CSS', 'Azure', 'DevOps', 'Odoo', 'Problem solving', 'Proactivity']"
 Data Engineer ,Other,Senior,"['Python', 'AWS Cloud']"
 Data Engineer ,Data,Mid,"['Data engineering', 'Spark', 'SQL', 'Python', 'Big Data', 'dbt', 'AWS Cloud', 'ETL', 'Java', 'Athena', 'Machine Learning']"
 Remote Mid / Senior Security Engineer ,Security,Mid,"['Security', 'SOAR', 'SIEM', 'PAM', 'CASB', 'EDR', 'Linux', 'Windows', 'Unix', 'TCP/IP', 'PowerShell', 'Python', 'AWS', 'Azure', 'GCP', 'CISSP', 'CISM']"
 Medior DevOps Engineer ,Devops,Mid,"['DevOps', 'CI/CD Pipelines', 'Cloud computing', 'AWS', 'Git', 'Python', 'Bash script', 'IaC', 'Jira', 'Terraform', 'Kubernetes', 'Docker']"
 QA Automation Engineer ,Testing,Senior,"['JavaScript', 'Java', 'Python', 'Kotlin', 'Cypress', 'Selenium', 'Microservices', 'HTTP', 'REST API', 'CDN', 'CI/CD']"
 Mid / Senior Data Engineer with SQL ,Data,Mid,"['SQL', 'Spark', 'ETL', 'Data engineering', 'Python', 'Kafka', 'Airflow', 'DevOps', 'Snowflake', 'AWS', 'Azure', 'Azure Data Lake', 'Azure Data Factory', 'AWS Redshift', 'Databricks', 'GCP', 'Google cloud platform', 'BigQuery']"
 Embedded Software Tester ,Testing,Mid,"['C++', 'C', 'Cucumber', 'Appium', 'Selenium', 'Xamarin', 'Python', 'Java', 'Telco']"
 Automation Tester ,Testing,Senior,"['Java EE', 'Selenium', 'Python', 'JavaScript', 'SQL', 'Jira']"
 Python Developer / ML Engineer ,Data,Mid,"['Python', 'Databricks', 'PySpark', 'Spark', 'Machine learning', 'SQL', 'Azure']"
 Senior Full-stack Developer ,Python,Senior,"['Python', 'ES6', 'JavaScript', 'Relational database', 'SQL', 'MongoDB', 'Django', 'Ansible', 'AWS', 'Agile', 'React', 'Redux', 'Scrum']"
 Senior DevOps Engineer (ID: 316) ,Devops,Senior,"['Python', 'Jenkins', 'Conan.io', 'CMake', 'Windows', 'Linux', 'AWS Cloud']"
 Mid/Senior DevOps Engineer ,Devops,Mid,"['Java', 'Python', 'JavaScript', 'TypeScript', 'Kubernetes', 'TLS', 'Grafana', 'Prometheus', 'CloudWatch', 'Jenkins', 'IaaC', 'CloudFormation', 'AWS', 'AWS', 'AWS CDK', 'Go']"
 DevOps Engineer ,Devops,Mid,"['Docker', 'Ansible', 'Linux', 'Terraform', 'Git', 'Shell', 'Puppet', 'Python', 'Groovy', 'Jenkins', 'CI/CD', 'Perforce', 'Virtualization', 'VMware', 'Windows', 'macOS', 'AWS', 'Kubernetes', 'Kafka', 'AWS EC2']"
 Java Software Developer ,Python,Mid,"['Java', 'SQL', 'Linux', 'OOP', 'Git', 'Jenkins', 'Bash', 'Perl', 'Python', 'Spock', 'sbt', 'Eclipse', 'Vaadin']"
 R&D Test Automation Python Developer ,Testing,Mid,"['Python', 'pytest', 'TCP', 'IP', 'VLAN', 'Jenkins', 'Linux', 'Bash']"
 Senior/Lead Data Scientist ,Data,Senior,"['Machine learning', 'Python', 'SQL', 'NLP', 'Computer vision', 'Cloud', 'TensorFlow', 'Spark', 'Kubernetes', 'AWS', 'pandas', 'scikit-learn', 'ETL', 'Keras', 'PyTorch']"
 Mid QA Test Engineer ,Testing,Mid,"['Java', 'BDD', 'TDD', 'Cucumber', 'Appium', 'REST API', 'Spring Boot', 'JavaScript', 'Python']"
 DevOps Engineer ,Devops,Mid,"['Linux', 'Docker', 'Kubernetes', 'Git', 'Google Cloud Platform', 'Python', 'CI/CD']"
 Data Engineer ,Data,Mid,"['Python', 'SQL', 'Spark', 'Hive', 'Big data']"
 Senior GCP DevOps ,Devops,Senior,"['Terraform', 'GCP', 'CI/CD Pipelines', 'Bitbucket', 'Kubernetes', 'YAML', 'Python']"
 Senior SW Developer (BBE) ,Python,Mid,"['Java', 'Linux', 'EJB', 'J2EE', 'C', 'JavaScript', 'jQuery', 'JSP', 'Bash', 'Shell', 'Python', 'Tomcat', 'SQL', 'WildFly', 'PostgreSQL', 'Hibernate', 'Kafka', 'Elasticsearch', 'Jenkins', 'Git', 'Gerrit', 'Jira', 'Confluence']"
 Site Reliability Engineer(Python or C++) ,Python,Mid,"['Python', 'AWS', 'Linux', 'K8s', 'Git', 'Ansible', 'Terraform', 'C++', 'Kafka', 'Oracle', 'SQL Server', 'TCP/IP']"
 AI Developer with ROS ,Data,Mid,"['ROS', 'Robot Framework', 'Machine learning', 'Python', 'Python']"
 AWS Python Developer ,Python,Senior,"['Python', 'AWS Lambda', 'CloudWatch', 'API Gateway', 'IAM', 'AWS S3', 'RDBMS', 'MySQL', 'AWS DynamoDB', 'SQS', 'Amazon SQS', 'SNS', 'CloudFormation', 'CloudFront', 'Elasticsearch', 'AWS Media Services']"
 Senior Big Data Developer ,Data,Senior,"['HDFS', 'YARN', 'Databricks', 'Amazon Web Services', 'Oozie', 'Spark', 'Hadoop', 'Azure', 'AWS', 'Google Cloud Platform', 'Cloudera (or any other) HADOOP distribution', 'Java or Scala or Python', 'Java', 'Python', 'Kafka', 'Problem solving', 'Communication skills', 'Team player', 'Critical thinking', 'Scala', 'Yarn', 'Airflow', 'Cloudera', 'Spark Streaming', 'Snowflake', 'ELK Stack', 'Docker/Kubernetes', 'Cassandra/MongoDB', 'Kafka Streaming/Kafka Connect', 'JIRA', 'CI/CD', 'JENKINS', 'Docker', 'Kubernetes', 'Cassandra', 'MongoDB', 'Jenkins', 'GitLab', 'Jira', 'Confluence']"
 Tester Systemowy (sta/praca) ,Python,Junior,"['Python', 'Multimetr', 'Oscyloskop', 'PLC', 'CAN', 'PROFINET', 'PROFIBUS', 'ETHERCAT', 'ETHERNET/IP']"
 QA Automation Engineer - Remote ,Testing,Mid,"['Jira', 'Confluence', 'TestRail', 'Python', 'pytest', 'Proxy', 'ISTQB', 'Appium']"
 Mid Senior System Security Administrator ,Security,Mid,['Python']
 Senior Software Developer ,Python,Mid,"['iOS', 'Python', 'JavaScript', 'CSS', 'HTML', 'JQuery', 'Dagger', 'Perl']"
 Azure Data Engineer  ,Analytics,Mid,"['SQL', 'ETL', 'Azure', 'Azure Data Factory', 'Python', 'Spark', 'Data engineering', 'DWH', 'Azure DataLake', 'Azure Databricks', 'Agile', 'Communication Skills', 'Team player', 'Proactivity', 'Problem solving', 'Hadoop', 'Azure Synapse', 'PySpark']"
 Python Developer ,Python,Mid,"['Python', 'Django', 'Flask']"
 Mid Software Developer in Test  ,Testing,Mid,"['Python', 'Gherkin', 'OOP', 'Design Patterns', 'Selenium', 'Unit testing', 'TDD']"
 Senior DevOps Engineer  ,Devops,Senior,"['Python', 'Terraform', 'AWS', 'Kubernetes', 'Serverless', 'Cloud', 'Microservices architecture', 'Infrastructure as Code']"
 Python Team Lead (Tagging Tools Lead) ,Python,Senior,"['Python', 'Django', 'SQL', 'NoSQL', 'Design Patterns', 'Machine Learning', 'ML Ops concepts']"
 DevOps Engineer ,Devops,Mid,"['Shell', 'Python', 'Azure', 'Cloud', 'Azure Cloud', 'Azure DevOps', 'CI/CD', 'Docker', 'Kubernetes', 'Terraform', 'Helm', 'IaaS', 'PaaS', 'DevOps', 'Git', 'Jira']"
 Python Software Engineer in Test ,Testing,Mid,"['Python', 'pytest', 'Jenkins', 'Communication skills']"
 Senior Mobile QA Automation Engineer ,Testing,Senior,"['Java', 'Python', 'JavaScript', 'Swift', 'Kotlin', 'Appium', 'Bitrise', 'Jenkins', 'UI']"
 Remote Mid Data Engineer ,Data,Mid,"['Python', 'SQL', 'NoSQL', 'Scala', 'Machine Learning', 'Azure']"
 Senior Software Development Engineer  ,Python,Senior,"['Python', 'Golang']"
 Remote Python Backend Developer ,Python,Mid,"['Python', 'SQL', 'Linux', 'Docker', 'Celery', 'RabbitMQ', 'Kanban', 'PostgreSQL', 'Redis', 'Flask', 'Django', 'OOP', 'Git']"
 Remote Azure DevOps Engineer ,Devops,Mid,"['Azure', 'Azure DevOps', 'Ansible', 'Python/bash/Powershell', 'GitHub', 'Python', 'PowerShell', 'Bash', 'ARM', 'DevOps', 'Jenkins', 'GitHub Actions', 'Git', 'Kubernetes', 'Docker', 'Terraform', 'C#', 'npm']"
 ELT Dveloper / Data Engineer ,Data,Senior,"['Python', 'NoSQL', 'Azure', 'FTP', 'ETL', 'SQL', 'Spark', 'Kafka', 'PowerBI', 'Azure Data Factory', 'ELT', 'DataBriks']"
 Cloud Engineer ,Devops,Senior,"['Docker', 'Amazon AWS services', 'Git', 'Terraform', 'Python', 'Azure', 'Ansible', 'GitHub', 'DevOps', 'AWS', 'GCP', 'Shell', 'Bash', 'IaC', 'CloudFormation', 'GitLab', 'Kubernetes', 'Rancher', 'Amazon EKS', 'CI/CD', 'BitBucket', 'Scrum', 'Contact with a client', 'Communication skills', 'Team Player']"
 Remote QA Automation Engineer (Python) ,Testing,Mid,"['SQL', 'Selenium', 'Automation', 'Cucumber', 'Python', 'AWS', 'Jenkins', 'Terraform', 'Java', 'C#']"
 Machine Learning Operations Engineer ,Data,Mid,"['Python', 'AWS', 'Azure', 'GCP', 'Compute-at-scale technologies']"
 Lead Cloud Devops Engineer ,Devops,Mid,"['Git', 'Azure', 'Azure DevOps', 'CI/CD', 'PowerShell', 'Python', 'SQL Server', 'Web API', 'Bash', 'CSS', 'HTML', 'C#']"
 Senior Python Engineer at Orca Security ,Python,Senior,"['AWS', 'Azure', 'GCP', 'Python', 'Microservices architecture', 'Elasticsearch', 'Spark', 'Map Reduce']"
 Data Analyst ,Analytics,Mid,"['Python', 'SQL', 'NumPy', 'pandas', 'PowerBI', 'R', 'SAS']"
 AWS/Azure Cloud Architect ,Devops,Mid,"['Linux', 'Python', 'Terraform', 'AWS', 'Azure', 'Docker', 'Puppet', 'Kubernetes', 'Virtualization', 'Project management', 'Microservices', '.NET']"
 Senior QA Automation Engineer ,Testing,Senior,"['Python', 'Microservices', 'QA', 'pytest', 'Kubernetes']"
 Remote Automation Test Engineer ,Testing,Mid,"['Python', 'CI/CD', 'REST', 'pytest', 'Selenium', 'Jenkins', 'Docker', 'Azure', 'Ansible', 'Terraform', 'Kubernetes', 'Grafana', 'Prometheus', 'ISTQB']"
 AI Researcher ,Data,Mid,"['Python', 'Machine Learning', 'Git', 'Deep learning', 'Computer vision', 'PyTorch', 'PyTorch Lightning', 'Docker', 'Kubernetes']"
 Software Engineer (DevOps with AWS) ,Devops,Mid,"['Python', 'Jenkins', 'Artifactory', 'Linux', 'Virtualization', 'Docker', 'Git', 'CI/CD Pipelines', 'Node.js', 'TypeScript', 'AWS', 'Gradle', 'SDLC', 'Ansible', 'Terraform', 'Groovy', 'IAM', 'AWS EC2', 'AWS Lambda', 'AWS CloudFormation', 'AWS S3', 'AWS DynamoDB', 'API Gateway', 'Route53', 'SQS', 'Amazon SQS', 'SNS', 'VPC', 'Amazon CloudWatch']"
 Python Developer with AWS ,Python,Mid,"['Python', 'AWS', 'AWS EC2', 'API Gateway', 'AWS Lambda', 'AWS S3', 'CI/CD', 'NoSQL', 'DevOps', 'React', 'Vue.js']"
 DevOps Engineer ,Devops,Mid,"['AWS', 'Google cloud platform', 'C++', 'Python', 'Bash', 'JavaScript', 'VR', 'Blockchain']"
 System Engineer for Jira&Ansible Tower ,Admin,Mid,"['Python', 'JavaScript', 'Linux', 'Tomcat', 'ITIL', 'C#', 'Azure', 'REST API', 'LDAP', 'Cloud']"
 Full Stack Developer (Python + Vue) ,Python,Mid,"['Python', 'Vue.js', 'Vuex', 'pytest', 'AWS', 'Cloud', 'TypeScript', 'Vuetify', 'NumPy', 'pandas']"
 Senior Python developer ,Python,Senior,"['Python', 'SQL', 'REST API', 'Docker', 'Git', 'Linux', 'ORM', 'CI/CD', 'Machine learning', 'PostgreSQL', 'SQLAlchemy', 'Celery', 'Flask', 'GCP', 'AWS']"
 Remote mid/senior Python Dev | may team ,Python,Senior,"['Python', 'Django', 'Linux', 'Git', 'JavaScript', 'CSS', 'HTML', 'DevOps', 'AWS', 'Elasticsearch', 'PostgreSQL', 'Redis']"
 Machine Learning Researcher ,Data,Senior,"['Python', 'Machine learning', 'TensorFlow', 'Scala', 'Java', 'PyTorch', 'NumPy', 'pandas', 'Deep learning']"
 Python Backend Developer ,Python,Mid,"['Python', 'Linux', 'REST', 'AWS', 'Selenium', 'Docker', 'CI/CD Pipelines', 'Grafana', 'Elasticsearch', 'Kibana', 'InfluxDB']"
 Middle/Senior AQA Embedded Engineer  ,Testing,Mid,"['Python', 'Robot Framework', 'pytest', 'QA', 'Go', 'SSL', 'Protocols', 'Bash', 'Golang']"
 Senior Data Modeler ,Data,Senior,"['SQL', 'ETL', 'Python', 'Azure Cloud', 'Snowflake', 'Data modeling']"
 Principal Engineer ,Python,Senior,"['Python', 'AWS', 'Django', 'Django REST Framework', 'Project management', 'Process management', 'Attention to detail', 'Coaching Skills', 'Quality control']"
 Remote Junior Machine Learning Engineer ,Analytics,Junior,"['Python', 'SQL', 'Problem solving', 'Analytical skills', 'AI', 'Good coding skills', 'Machine Learning', 'IoT', 'JavaScript', 'JavaScript programming']"
 QA Engineer ,Testing,Mid,"['Python', 'C#', 'Java', 'C++', 'JavaScript', 'Selenium', 'Cucumber', 'Kafka', 'AWS', 'Azure']"
 Software and Test Engineer ,Testing,Mid,"['Python', 'Linux', 'Vector', 'NI', 'Labview']"
 Test Automation Engineer ,Testing,Mid,"['Selenium', 'Java', 'JavaScript', 'Python', 'C#']"
 Google Cloud/GCP Developer ,Devops,Mid,"['GCP', 'Docker', 'DevOps', 'C#', 'Python', 'Big Data', 'SQL', 'HBase', 'Elasticsearch', 'Software-as-a-Service']"
 Senior Data Scientist ,Other,Senior,"['Python', 'Git', 'pandas', 'scikit-learn', 'PostgreSQL', 'REST', 'GitHub', 'Linux', 'AWS Cloud', 'Jupyter Notebook', 'AWS SageMaker', 'MLOps']"
 MID/SEN Python Developer ,Python,Mid,"['Python', 'AWS', 'Flask', 'Proactivity', 'JavaScript', 'React', 'Node.js', 'Leadership skills', 'DevOps', 'CI/CD', 'Data analytics']"
 Lead Python Engineer ,Python,Senior,"['Python', 'Git', 'Docker', 'REST', 'NoSQL', 'SQL', 'Cloud', 'Design Patterns', 'TDD', 'BDD', 'DDD', 'CI/CD']"
 Programista Infrastrultury ,Devops,Mid,"['Python', 'REST API', 'SOAP', 'GitHub', 'GitLab', 'Bitbucket', 'CI/CD', 'Jenkins', 'TeamCity', 'Docker', 'Kubernetes', 'Ansible', 'Terraform', 'OpenShift', 'VMware', 'DevOps', 'SRE']"
 Senior Azure Developer ,Python,Senior,"['.NET', 'C#', 'CI/CD', 'Azure', 'Design Patterns', 'REST API', 'Docker', 'Kubernetes', 'DevOps', 'PaaS', 'Service Bus', 'IaaS', 'SaaS', 'API Gateway', 'WAF', 'Blob Storage', 'Cosmos DB', 'Azure Data', 'AKS', 'SDLC', 'Python', 'PowerShell', 'UI']"
 Remote DevOps Engineer z AWS ,Devops,Mid,"['DevOps', 'AWS Cloud', 'Python', 'Terraform', 'Kubernetes', 'CI/CD Pipelines', 'Docker', 'PostgreSQL', 'Jenkins']"
 Lead ML Developer Researcher ,Data,Senior,"['AWS', 'Machine learning', 'Python', 'Docker', 'GitLab CI', 'Azure', 'AI', 'Machine Learning', 'PyTorch', 'MLflow', 'GitLab', 'CI/CD', 'MLOps']"
 Remote Senior Site Reliability Engineer ,Devops,Senior,"['Kubernetes', 'Docker', 'OOP', 'C#', 'Java', 'PowerShell', 'Python', 'IaC', 'Ansible', 'Terraform', 'IaaS', 'PaaS', 'AWS', 'GCP', 'DNS', 'Nginx', 'Linux', 'Prometheus', 'Grafana', 'Git', 'PostgreSQL', 'Kafka', 'Elasticsearch']"
 Mid DevOps / Cloud AWS Engineer ,Devops,Mid,"['AWS', 'Python', 'CI/CD', 'Kubernetes', 'DevOps', 'Java', 'C', 'C++', 'Docker', 'CI/CD Pipelines', 'Azure', 'GCP', 'Windows', 'Terraform', 'CloudFormation', 'Ansible', 'Bash', 'Perl', 'Ruby', 'Linux']"
 Junior Web Developer (React/Django) ,Python,Junior,"['JavaScript', 'Git', 'Linux', 'Python', 'Bash', 'AWK', 'HTTP', 'REST API', 'React', 'Webpack', 'TypeScript', 'Functional programming']"
 Technical Data Steward  ,Data,Mid,"['Python', 'SQL', 'Collibra', 'BigQuery', 'ETL', 'Governance', 'Data management', 'Data governance', 'Excel']"
 Senior Python Developer ,Python,Senior,"['Python', 'Django', 'CI/CD']"
 REMOTE DevOps Engineer - AWS/Azure ,Devops,Mid,"['Jenkins', 'Docker', 'Kubernetes', 'Python', 'DevOps', 'Azure', 'AWS', 'Ansible', 'Go', 'Bash']"
 Senior Python Developer ,Python,Mid,"['Python', 'Docker', 'Azure']"
 Senior Data Engineer ,Data,Senior,"['ETL', 'Snowflake', 'Oracle', 'AWS', 'Kafka', 'SQL', 'Python', 'Java', 'Spark']"
 DevOps Engineer ,Devops,Mid,"['Python', 'Kubernetes', 'Docker', 'Bash', 'Azure', 'Java']"
 Mid/Senior Python Backend Developer ,Python,Mid,"['Python', 'Django', 'Docker', 'Git', 'GitLab', 'Celery', 'PostgreSQL', 'Conda', 'scikit-learn', 'OpenCV', 'PyTorch', 'Keras', 'TensorFlow']"
 Backend Python Developer ,Python,Mid,"['Python', 'Bash', 'AWS', 'Docker', 'Kubernetes', 'Machine Learning', 'AI', 'Deep learning', 'DevOps']"
 Remote DevOps Engineer (AWS) ,Devops,Senior,"['AWS', 'DevOps', 'Docker', 'CSP', 'Terraform', 'CloudFormation', 'Python', 'Groovy', 'Java', 'Go', 'Bash', 'CI/CD Pipelines', 'Jenkins', 'CircleCI', 'GoCD', 'Autoscaling', 'Ansible', 'Progress Chef', 'Puppet', 'Helm', 'TDD', 'BDD', 'Kubernetes', 'Istio', 'Cucumber', 'Selenium']"
 QA Engineer ,Testing,Mid,"['Python', 'Protocols']"
 Solution Architect (RPA Developer)  ,Data,Senior,"['Azure', 'OWASP', 'Microservices', 'REST API', 'OAuth', 'SAML', 'Node.js', 'Python', 'JavaScript', 'React', 'MuleSoft', 'MongoDB', 'PostgreSQL', 'Redis', 'IBM', 'Docker', 'Swarm', 'Git', 'GitLab', 'Jira', 'Confluence', 'Bash', 'AWS']"
 Full Stack Developer (Python + React) ,Python,Mid,"['Python', 'React', 'AWS', 'pytest', 'Data Visualization Libraries', 'Plotly.js', 'Chart.js', 'Chartist.js']"
 Senior Data Engineer ,Data,Senior,"['Spark', 'Python', 'SQL', 'Cloud', 'Snowflake', 'Airflow', 'Docker', 'dbt', 'Hadoop']"
 Python Software Engineer ,Data,Mid,"['Python', 'Big Data', 'NoSQL', 'SQL', 'ORM', 'KafkaMQ', 'APIS']"
 Senior Scala Developer ,Python,Senior,"['Scala', 'Spark', 'Python', 'Big Data', 'Azure']"
 BI Engineer ,Data,Mid,"['Python', 'Java', 'SQL', 'AWS', 'Airflow', 'dbt', 'Looker']"
 .NET Software Engineer ,Python,Mid,"['.NET', '.NET CORE', 'Python', 'pandas', 'NumPy', 'AWS']"
 DevOps Engineer ,Devops,Mid,"['cloud', 'Git', 'CI/CD', 'Python', 'Flask', 'Docker', 'pandas', 'Azure', 'Jenkins', 'AWS', 'DevOps']"
 Junior Cloud Data Engineer ,Data,Junior,"['Python', 'SQL', 'Git', 'Google Cloud Platform', 'BigQuery', 'PUB', 'Terraform']"
 Data Scientist Lead  ,Data,Senior,"['Python', 'Machine learning', 'SQL', 'Computer vision', 'Forecasting', 'Natural language processing']"
 Azure Tech Lead   ,Analytics,Senior,"['Azure', 'Data Engineering', 'SQL', 'ETL', 'Python', 'Azure Data Factory', 'PySpark', 'Azure Databricks', 'ADLS', 'Azure Synapse', 'DWH', 'CI/CD', 'Cloud environment', 'Proactivity', 'Critical thinking', 'Team Player', 'Leadership and management skills', 'DP-201', 'DP-203', 'AZ-400', 'Technical Leadership and Architecture']"
 Data Engineer ,Data,Mid,"['Python', 'ETL', 'Spark', 'RDBMS', 'PySpark', 'SQL', 'OOP', 'Python and/or Scala', 'Scala', 'IaC', 'Terraform', 'Azure']"
 Senior Data Engineer ,Data,Senior,"['Python', 'Git', 'Unix', 'Linux', 'ETL', 'Apache Spark', 'Apache Airflow', 'Azure', 'Data engineering', 'Docker', 'Kubernetes', 'PostgreSQL', 'MS SQL']"
 Middle/Senior Integration Engineer ,Support,Mid,"['C#', 'CI/CD', 'Git', 'Python', 'SQL', 'Azure']"
 Data Reporting Engineer ,Data,Senior,"['SQL', 'MS SQL', 'Python', 'ETL', 'Excel', 'VBA', 'Airflow', 'GCP', 'Prometheus', 'pandas']"
 Junior Linux Engineer ,Python,Junior,"['JavaScript', 'Git', 'Linux', 'Python', 'Bash', 'AWK', 'HTTP', 'REST API', 'Webpack', 'TypeScript', 'Functional programming']"
 Junior Network Administrator ,Admin,Junior,"['Linux', 'TCP', 'Bash', 'PHP', 'Python', 'Cisco', 'CCNA', 'BGP', 'DNS']"
 QA Test Automation Engineer ,Testing,Senior,"['SQL', 'AWS', 'Git', 'Python', 'Hadoop']"
 Senior Azure DevOps ,Devops,Senior,"['Azure', 'Load balancer', 'Ansible', 'Puppet', 'IaaS', 'SaaS', 'API Gateway', 'WAF', 'Blob Storage', 'Cosmos DB', 'Azure Data', 'Windows Server', 'Progress Chef', 'AKS', 'SDLC', 'DevOps', 'Python', 'PowerShell']"
 Regular / Senior Data Scientist ,Data,Mid,"['Python', 'Machine Learning', 'Data science', 'Statistics', 'scikit-learn', 'pandas', 'Matplotlib', 'SciPy', 'Scala', 'MATLAB', 'R', 'Spark', 'RDBMS', 'Docker', 'Kubernetes', 'Azure']"
 Python Developer z wiedz life science  ,Python,Mid,"['Python', 'Git', 'Django', 'React', 'Angular', 'Node.js', 'REST API', 'Linux', 'Docker', 'RDKit', 'Cheminformatics', 'Bioinformatics']"
 Remote Senior Python Developer ,Python,Senior,"['Python', 'Django', 'SQL', 'Git', 'Linux', 'Bash', 'CI/CD', 'Docker', 'AWS', 'JavaScript', 'CSS', 'HTML', 'React', 'PHP']"
 DevOps Engineer ,Devops,Mid,"['Python', 'Linux', 'Kubernetes', 'Helm', 'Jenkins', 'Bash', 'Docker', 'Google cloud platform', 'Google BigQuery', 'Sentry', 'GitHub', 'Apache Kafka', 'Redis', 'JavaScript', 'TypeScript']"
 Software Engineer (High Load) ,Python,Mid,"['Java', 'Python', 'JS', 'DevOps', 'SQL', 'Kafka', 'Kubernetes', 'Docker', 'Java/Scala']"
 Remote Python QA Automation Engineer ,Testing,Mid,"['Python', 'SQL', 'Git', 'QA', 'Selenium', 'Cypress', 'Linux', 'Bash', 'CI/CD', 'JavaScript', 'REST API']"
 Cloud Automation Engineer ,Data,Mid,"['AWS', 'Linux', 'Docker', 'Kubernetes', 'Ansible', 'Helm', 'Bash', 'Python', 'Groovy', 'Jenkins', 'AI', 'Prometheus', 'Grafana', 'Kibana']"
 Software Engineer  ,Python,Mid,"['C++', 'Python', 'Docker']"
 Cloud Engineer ,Devops,Mid,"['AWS', 'CloudFormation', 'SQL', 'C#', 'TypeScript', 'Python', 'JavaScript', 'ELB', 'DynamoDB', 'SQS', 'SNS', 'SDLC', 'CI/CD', 'PowerShell', 'Bash', 'NoSQL']"
 Data Scientist / Data Engineer ,Data,Senior,"['Machine Learning', 'Git', 'Linux', 'Python', 'Golang', 'SQL']"
 DevOps Engineer ,Devops,Mid,"['TeamCity', 'Git', 'Python', 'Bitbucket', 'Jira', 'Confluence', 'JavaScript', 'Linux', 'AWS', 'Docker', 'K8s']"
 Senior Machine Learning Engineer (NLP) ,Data,Senior,"['NumPy', 'pandas', 'scikit-learn', 'Keras', 'TensorFlow', 'PyTorch', 'NLP', 'spaCy', 'Spark', 'AWS', 'Docker']"
 C++ Developer ,Python,Junior,"['C++', 'Unix', 'Sybase', 'MySQL', 'Python']"
 Senior Cloud Engineer ,Devops,Senior,"['Kubernetes', 'Terraform', 'Python', 'Docker', 'AWS', 'Azure', 'AKS', 'Jenkins']"
 IT Developer ,Data,Mid,"['Hadoop', 'Cloudera', 'SQL', 'Java', 'Python']"
 Backend Python Developer  ,Python,Mid,"['Python', 'Linux', 'Robotics']"
 Senior Python Developer ,Python,Senior,"['Python', 'Linux', 'JavaScript', 'Docker', 'Perl', 'CSS', 'HTML']"
 Machine Learning Engineer ,Data,Mid,"['Python', 'scikit-learn', 'NumPy', 'pandas', 'PyTorch', 'TensorFlow', 'Keras']"
 ML Developer Researcher ,Data,Mid,"['Python', 'AI', 'Machine Learning', 'PyTorch', 'MLflow', 'GitLab', 'CI/CD', 'MLOps', 'Docker', 'AWS']"
 Azure Data Engineer  ,Analytics,Mid,"['Azure', 'Azure Databricks', 'Azure Data Factory', 'Azure Synapse', 'Azure Data Lake', 'SQL', 'Python', 'Spark SQL', 'NoSQL', 'Data engineering', 'Big Data', 'Spark', 'Kafka', 'Hadoop', 'Airflow']"
 Sr. Technical Scrum Master ,Pm,Senior,"['Kanban', 'SDLC', 'Confluence', 'Jira', 'Git', 'GitHub', 'Python', 'JavaScript', 'Java', '.NET', 'C#']"
 Remote Cloud Engineer with Python ,Python,Mid,"['Python', 'AWS', 'IaaC']"
 Remote Python Data Developer ,Data,Mid,"['Python', 'SQL', 'ETL', 'Databricks', 'AWS']"
 Principal Data Engineer ,Analytics,Senior,"['Python', 'SQL', 'ETL', 'RDBMS', 'Git', 'Azure', 'Airflow', 'Kubernetes', 'Docker', 'GCP', 'AWS']"
 Junior Full Stack Developer Remote ,Python,Junior,"['PHP', 'javascript', 'MySQL', 'postgreSQL', 'html', 'css', 'Git', 'MariaDB', '.NET', 'Python']"
 Senior DevOps Engineer ,Devops,Senior,"['AWS', 'DevOps', 'IaC', 'Terraform', 'CI/CD Pipelines', 'Azure', 'Docker', 'Kubernetes', 'Jenkins', 'Ansible', 'Bash', 'Python']"
 Senior Cloud Data Engineer ,Data,Senior,"['Python', 'SQL', 'Git', 'Google Cloud Platform', 'BigQuery', 'PUB', 'Terraform']"
 Medior/Senior Python Developer ,Python,Mid,"['Python', 'REST', 'Git', 'SQL', 'Django', 'Celery', 'Docker', 'Redis', 'Web technologies']"
 Senior Software Engineer ( Python ) ,Python,Senior,"['Python', 'Redis', 'MySQL', 'AWS', 'GitHub', 'RPC2']"
 Remote Junior DevOps GCP Engineer ,Devops,Junior,"['Python', 'Linux', 'GCP', 'Google Cloud Platform', 'Docker', 'Kubernetes', 'Bash', 'CI/CD', 'DevOps', 'Jenkins', 'Git', 'Azure', 'AWS']"
 QA Engineer ,Testing,Mid,"['Python', 'Selenium', 'SQL', 'Java']"
 Data Scientist ,Data,Mid,"['Python', 'SQL', 'Machine learning', 'Git', 'BigQuery', 'GCP', 'TensorFlow', 'PyTorch', 'Spark']"
 Senior Data Engineer ,Data,Mid,"['Python', 'AWS', 'MongoDB', 'Snowflake', 'Elasticsearch']"
 Data Engineer ,Data,Mid,"['AWS', 'Kafka', 'Apache Spark', 'AWS S3', 'PostgreSQL', 'Druid', 'Apache ZooKeeper', 'Python', 'Docker', 'Kubernetes', 'Prometheus', 'Grafana', 'CI/CD']"
 Remote Senior Data Engineer II ,Data,Senior,"['Python', 'DevOps', 'SQL', 'Linux', 'ETL', 'Airflow', 'AWS', 'Glue', 'AWS Lambda', 'Docker', 'Terraform', 'Azure DevOps', 'Pandas', 'NumPy', 'Matplotlib', 'seaborn', 'scikit-learn']"
 Data Analyst with programming skills ,Analytics,Mid,"['Python', 'SQL', 'Knowledge of algorithms', 'Experience in the integration of data', 'Knowledge of coding standards', 'R', 'Java', 'C#', 'MATLAB']"
 Senior/Middle Python Developer ,Python,Mid,"['Python', 'AWS', 'AWS Lambda', 'SQLAlchemy', 'PostgreSQL']"
 Test Automation Engineer ,Testing,Senior,"['Python', 'REST API', 'Robot Framework', 'CI/CD', 'Jenkins', 'Git', 'Bitbucket']"
 Java Developer  ,Python,Mid,"['Java', 'Linux', 'Spring Boot', 'Kafka', 'Spark', 'Elasticsearch', 'Docker', 'Keycloak', 'Angular', 'TypeScript', 'Ansible', 'Python', 'GitLab', 'CI', 'Prometheus', 'Grafana']"
 Senior Python Software Engineer ,Python,Senior,"['Python', 'AWS', 'MongoDB', 'Docker', 'Kubernetes', 'PostgreSQL']"
 DevOps Engineer ,Devops,Senior,"['Python', 'AWS', 'CloudFormation', 'Terraform', 'ARM', 'Linux', 'Windows', 'Bash', 'PowerShell', 'SDK', 'CLI', 'IAM', 'Antivirus', 'Docker', 'Kubernetes', 'Git', 'SVN', 'CI', 'Jenkins', 'Travis CI', 'CircleCI', 'Bamboo']"
 Senior Machine Learning NLP Engineer ,Data,Senior,"['Python', 'Machine learning', 'scikit-learn', 'NLP', 'Natural language processing', 'Deep learning', 'Git', 'REST API', 'Cloud', 'TensorFlow', 'Docker', 'PyTorch', 'Elasticsearch', 'MongoDB', 'Keras']"
 Junior Python Backend Developer ,Python,Junior,"['Communication skills', 'Python', 'Python', 'Django', 'Linux', 'PostgreSQL', 'Git', 'Celery', 'Docker', 'React', 'CSS', 'HTML', 'Team player', 'Critical thinking', 'Problem solving', 'Proactivity']"
 Technical Data Steward ,Data,Mid,"['Data management', 'banking', 'Excel', 'SQL', 'Python scripts', 'ETL', 'Python']"
 Data Engineering Lead ,Data,Senior,"['Python', 'Java', 'C++', 'C#', 'Scala']"
 Senior Python Developer ,Python,Senior,"['Python', 'Django', 'SQL', 'NoSQL', 'Redis', 'Rabbit MQ', 'Docker', 'Jenkins', 'Microservices', 'pandas', 'NumPy', 'Flask', 'Ansible', 'Kubernetes', 'AWS', 'Azure']"
 Akademia IT - Data Scientist (Python) ,Python,Junior,"['Python', 'Data science', 'Scrum', 'Kanban']"
 Mid/Senior Python Full Stack Developer ,Python,Mid,"['Python', 'React', 'Vue.js', 'Django', 'Docker', 'GitLab', 'PostgreSQL', 'SQL', 'Linux', 'Shell', 'JS', 'Go', 'Celery', 'Conda']"
 Senior Fullstack Developer (Python + JS) ,Python,Senior,"['Python', 'JavaScript', 'React', 'Driven', 'UX', 'Scrum', 'Team management']"
 Senior Research Scientist  ,Data,Senior,"['Python', 'Machine learning', 'Deep learning', 'NLP', 'AI', 'PyTorch']"
 Senior Test Automation Engineer (QA) ,Testing,Senior,"['Python', 'Domain Driven Design', 'Jira', 'Playwright', 'API', 'Kotlin', 'JavaScript', 'Java']"
 DevOps Engineer ,Devops,Senior,"['DevOps', 'AWS', 'Azure', 'Python', 'SQL', 'Agile', 'Docker', 'Kubernetes', 'Linux', 'Snowflake']"
 DevOps Engineer  ,Devops,Mid,"['Python', 'Docker', 'Kubernetes', 'AWS', 'GCP', 'Azure', 'Terraform', 'CI/CD Pipelines', 'Linux', 'Bash', 'DevOps', 'Node.js']"
 DevOps Engineer  ,Devops,Mid,"['AWS', 'AWS Cloud', 'RDS', 'Amazon RDS', 'Amazon EKS', 'ECS', 'AWS ECS', 'Terraform', 'Helm', 'Docker', 'Kubernetes', 'Linux', 'Bash', 'Python', 'VPN', 'Grafana', 'Ansible', 'Git', 'GitLab', 'Puppet', 'Datadog', 'Consul', 'RabbitMQ']"
 Managed Cloud Engineer  ,Devops,Mid,"['AWS', 'Python', 'Git', 'Terraform', 'Ansible', 'Bash', 'PowerShell', 'Linux', 'Windows', 'IaC', 'CloudFormation', 'Kubernetes']"
 Remote Senior Snowflake Engineer ,Analytics,Senior,"['Snowflake', 'Python', 'Oracle DB', 'ETL', 'Database administration', 'SnowSQL', 'SnowPipe', 'Azure', 'AWS', 'Hadoop', 'Power BI']"
 Expert Mobile QA Automation Engineer ,Testing,Senior,"['Java', 'Python', 'JavaScript', 'Swift', 'Kotlin', 'Appium', 'Bitrise', 'Jenkins', 'UI']"
 DevOps Engineer ,Devops,Senior,"['DevOps', 'SaaS', 'QA', 'AWS', 'AWS EC2', 'AWS S3', 'RDS', 'Amazon RDS', 'API Gateway', 'DNS', 'CloudFront', 'CloudFormation', 'CloudTrail', 'Microservices', 'Progress Chef', 'Puppet', 'Ansible', 'Terraform', 'AWS CloudFormation', 'Shell', 'Python', 'GitLab', 'Jenkins', 'CodeDeploy', 'CircleCI', 'Kubernetes', 'Docker', 'Redis']"
 Remote Data Engineer  ,Analytics,Mid,"['Data modelling', 'ETL development', 'Data warehouses', 'Python', 'Git', 'Airflow', 'Amazon EKS', 'Kubernetes', 'Spark', 'Hive', 'Presto', 'Docker', 'Terraform', 'CI/CD']"
 Engineering Team Lead (Onboarding Team) ,Other,Senior,"['Java', 'JavaScript', 'Python']"
 Mid Python Developer ,Python,Mid,"['Python', 'Django', 'Flask', 'pytest', 'RDBMS', 'NoSQL', 'ORM', 'SQL', 'REST API', 'CI/CD', 'Git', 'Docker', 'Go', 'JS', 'React', 'AWS']"
 QA Automation Engineer  ,Testing,Mid,"['Testing: Robot Framework (preferred)', 'languages: Python (preferred)', 'Python', 'Robot Framework', 'Cypress', 'Protractor', 'Playwright', 'Python', 'Java', 'JavaScript']"
 Remote Fullstack developer ,Python,Mid,"['JavaScript', 'TypeScript', 'REST', 'Git', 'React', 'Django', 'Python', 'GCP']"
 Big Data Solutions Architect ,Data,Mid,"['Hadoop', 'Spark', 'Snowflake', 'Python', 'GCP', 'AWS', 'Linux', 'Kafka']"
 QA Engineer with Python ,Testing,Mid,"['Python', 'pytest', 'Gherkin', 'SQL', 'Git']"
 Medior Software Tester ,Testing,Mid,"['Python', 'Linux', 'ISTQB']"
 CyberSecurity Engineer ,Security,Mid,"['Python', 'Cybersecurity', 'JavaScript', 'R&D']"
 Mid Python Test Engineer ,Testing,Mid,"['Embedded', 'Python', 'Git', 'Jira', 'Automotive']"
 Security Engineer with Linux/Unix ,Security,Mid,"['Linux', 'Unix', 'Splunk', 'LDAP', 'Centrify', 'Python', 'Cryptography', 'PKI', 'HTTP', 'REST API', 'SSH', 'SNMP', 'Syslog']"
 Python Developer  ,Python,Mid,"['Python', 'Git', 'MongoDB', 'REST']"
 QA Engineer (REMOTE) ,Testing,Mid,"['QA', 'CI/CD', 'Python', 'Automated testing']"
 SRE Engineer(RnD) ,Devops,Senior,"['Ruby', 'Python', 'Golang', 'PostgreSQL', 'Redis', 'Kafka', 'AWS', 'GitLab']"
 Administrator LINUX ,Admin,Mid,"['Linux', 'Oracle', 'Windows', 'SQL', 'Python', 'Shell']"
 Senior DevOps with AWS ,Devops,Senior,"['AWS', 'AWS CloudFormation', 'Terraform', 'Python', 'Bash', 'Progress Chef', 'Puppet', 'Ansible', 'Git', 'Bitbucket', 'Docker', 'Linux', 'Kubernetes']"
 Regular / Senior Python Engineer ,Python,Mid,"['Python', 'SQL', 'ETL', 'Data engineering', 'OOP', 'PySpark', 'Spark', 'Azure', 'IaC', 'Terraform', 'Scala']"
 Cloud Architect  ,Devops,Senior,"['AWS', 'Azure', 'GCP', 'Python']"
 Mobile QA Automation Engineer ,Testing,Mid,"['Java', 'Python', 'JavaScript', 'Swift', 'Kotlin', 'Appium', 'Bitrise', 'Jenkins', 'UI']"
 Data Engineer ,Data,Mid,"['Python', 'SQL', 'Databricks', 'Spark', 'PySpark', 'NiFi', 'Azure', 'Docker', 'Kubernetes']"
 Senior DevOps Engineer ,Devops,Senior,"['AWS', 'Python', 'Ansible', 'Docker', 'Linux', 'Git', 'Pulumi', 'Terraform', 'Customer focused', 'Business oriented', 'Proactivity', 'Communication skills', 'Kubernetes', 'Teamwork']"
 Test Automation Mid Engineer - Hybrid ,Testing,Mid,"['Python', 'SQL', 'Selenium', 'pytest', 'Confluence', 'Azure Cloud']"
 Big Data Engineer  ,Data,Mid,"['Scala', 'Spark', 'SQL', 'hadoop', 'Kafka', 'docker', 'Kubernetes', 'Airflow', 'Big data', 'Big Query', 'Linux/Unix', 'Interpersonal skills', 'AWS', 'Python', 'Snowflake', 'GCP']"
 Engineering Manager ,Other,Senior,"['Java', 'JavaScript', 'Python']"
 Senior/Expert Backend Python Developer ,Python,Senior,"['Python', 'PostgreSQL', 'FastAPI', 'AWS', 'Git', 'REST', 'Flask', 'ORM', 'DynamoDB', 'Lambda', 'XML', 'SOAP']"
 Machine Learning Engineer ,Data,Senior,"['Python', 'Design thinking', 'Linux', 'Machine learning', 'Spark', 'TensorFlow', 'Hadoop', 'Kafka', 'Java', 'Big data', 'PyTorch', 'Google cloud platform', 'BigQuery', 'pandas', 'NumPy', 'C++', 'Docker', 'NoSQL', 'Kubernetes', 'JavaScript', 'WebAssembly', 'Scala']"
 Remote Mid/Senior DevOps Engineer ,Devops,Mid,"['Docker', 'Kubernetes', 'Google Cloud Platform', 'Ansible', 'Cloud', 'Bash script', 'Python', 'Google cloud', 'FinOps', 'MySQL Databases', 'InfoSec']"
 Remote Cloud Developer ,Devops,Mid,"['Python', 'TypeScript', 'Docker', 'Kubernetes', 'Design Patterns', 'Boost', 'MySQL', 'JavaScript', 'CSS', 'HTML', 'React', 'Terraform', 'Grafana', 'Prometheus', 'Ansible', 'REST', 'Helm']"
 Remote Azure Data Engineer ,Data,Mid,"['SQL', 'Spark', 'ETL', 'Data engineering', 'Python', 'Azure', 'Azure Data Lake', 'Azure Data Factory', 'Kafka', 'Airflow', 'DevOps']"
 Remote Python Engineer  ,Python,Mid,"['Python', 'Docker', 'Docker Compose', 'AWS', 'Azure', 'DevOps', 'Linux', 'Node.js', 'C#', 'Java', 'Crypto']"
 DevOps ,Devops,Mid,"['Linux', 'Nginx', 'Tomcat', 'Kafka', 'MySQL', 'PostgreSQL', 'SQL Server', 'CI/CD', 'Docker', 'Ansible', 'Python', 'Bash', 'Perl', 'OpenShift', 'Kubernetes', 'DNS', 'TCP', 'SOAP', 'REST']"
 Spark Java/Python Data Engineer ,Python,Mid,"['Python', 'Java', 'Big data', 'Scala', 'Linux', 'SQL']"
 Remote Snowflake Developer  ,Analytics,Mid,"['ETL', 'Snowflake', 'SQL', 'Python', 'Azure Data Factory']"
 Cloud Engineer ,Devops,Mid,"['Python', 'JavaScript', 'SQL', 'Azure', 'AWS', 'GCP', 'Ansible', 'CircleCI', 'Jenkins', 'Bamboo', 'AI', 'MLOps']"
 Principal Software Engineer ,Python,Senior,"['Java', 'C++', 'C#', 'Go', 'Python', 'Microservices']"
 Programista w projekcie R&D ,Python,Junior,"['Python', 'Git', 'Excel']"
 Remote Python Backend Developer ,Python,Mid,"['Python', 'NumPy', 'SciPy', 'scikit-learn', 'pandas', 'Matplotlib', 'TensorFlow', 'Linux', 'OOP', 'Unix']"
 Cloud Python Developer ,Python,Mid,"['Python', 'Git', 'Airflow', 'PySpark']"
 Mid/Senior Python AI Engineer ,Data,Mid,"['Python', 'PyTorch', 'NumPy', 'pandas', 'scikit-learn', 'TensorFlow', 'Keras', 'C++']"
 Data Engineer with DataBricks ,Data,Mid,"['Azure', 'Python', 'SQL', 'Databricks', 'PySpark', 'T-SQL', 'Azure SQL', 'Spark', 'Azure Databricks', 'Azure Data Factory', 'Data engineering', 'Azure Data Lake', 'MySQL', 'Azure Data', 'Cosmos DB', 'Azure Cloud', 'Git', 'Azure IoT', 'C#']"
 Senior Python Developer ,Python,Senior,"['Python', 'FastAPI', 'pytest', 'Celery']"
 Python Engineer with Spark ,Python,Mid,"['Python', 'Spark', 'PySpark', 'Kubernetes', 'NoSQL', 'SQL', 'AWS', 'OOP', 'Flink', 'Databricks', 'ETL']"
 DevOps ,Devops,Mid,"['Java', 'Ansible', 'Terraform', 'Docker', 'Kubernetes', 'Groovy', 'Python', 'TypeScript', 'Linux', 'SQL', 'AWS', 'Azure Cloud']"
 Remote Data Engineer with Python ,Python,Mid,"['Python', 'Scala', 'SQL', 'Docker', 'Kubernetes', 'database', 'Communication skills', 'Team player', 'NoSQL', 'Apache Airflow', 'Apache Spark']"
 REMOTE Python Developer Mid/Senior ,Python,Mid,"['Python', 'Django', 'MySQL', 'REST API', 'CI/CD', 'TDD', 'Design Patterns', 'Unix', 'Docker', 'Kubernetes', 'AWS', 'Azure', 'Google cloud platform']"
 Remote Senior Data Engineer ,Data,Senior,"['ETL', 'Python', 'Spark', 'Airflow', 'Big Data', 'IoT', 'AWS Lambda', 'Azure Data Lake Store']"
" SW Engineer, 0% income tax ",Python,Mid,"['REST API', 'Java', 'C++', 'Python', 'Android', 'iOS']"
 DevOps Engineer ,Devops,Senior,"['Linux', 'Unix', 'Bash', 'Python', 'AWS', 'Ansible', 'Chef', 'Puppet', 'Bamboo', 'Jenkins', 'PostgreSQL', 'MySQL', 'Jira', 'Confluence', 'Docker']"
 Mid Python Developer ,Python,Mid,"['Python', 'Git', 'Proactivity', 'Team player', 'Problem solving', 'Django', 'Flask', 'REST API', 'Linux', 'C++', 'Bash', 'Continous integration']"
 DevOps Engineer ,Devops,Senior,"['AWS', 'Kubernetes', 'Linux', 'Ansible', 'Python', 'VMware', 'Jenkins', 'Prometheus', 'Docker', 'Grafana', 'Helm', 'CI/CD', 'CloudFormation', 'DHCP', 'DNS', 'Terraform', 'Kibana', 'SQL', 'NoSQL', 'Proxy', 'Logstash', 'Cassandra']"
 Tester Automatyzujcy  ,Testing,Mid,"['Selenium', 'CI', 'Linux', 'Terraform', 'Jenkins', 'Docker', 'CD', 'Java', 'Groovy', 'Python', 'Git', 'Maven', 'Bazel']"
 Senior Cloud Engineer with GCP/AWS ,Python,Senior,"['GCP', 'AWS', 'Linux', 'BigQuery', 'AWS Redshift', 'AWS Lambda', 'Cloud', 'Python', 'Docker', 'Python', 'SQL', 'CI/CD', 'Virtualization', 'Kubernetes']"
" Senior Software Engineer (DevOps, AWS) ",Devops,Senior,"['Python', 'Jenkins', 'Artifactory', 'Linux', 'Virtualization', 'Docker', 'Git', 'CI/CD Pipelines', 'Groovy', 'Node.js', 'TypeScript', 'Gradle', 'SDLC', 'Ansible', 'Terraform', 'AWS', 'IAM', 'AWS EC2', 'AWS Lambda', 'AWS CloudFormation', 'AWS S3', 'AWS DynamoDB', 'API Gateway', 'Route53', 'SQS', 'SNS', 'Amazon SQS', 'VPC', 'Amazon CloudWatch']"
 Test Automotion Engineer ,Testing,Mid,"['JavaScript', 'Python', 'Cypress', 'AWS Amplify', 'Embedded', 'Hardware']"
 Solution Architect  ,Analytics,Mid,"['Docker', 'Git', 'SQL Database', 'Project management', 'risk management', 'Python', 'aws', 'Django', 'Fastapi', 'Terraform']"
 DevOps Engineer ,Devops,Mid,"['Python', 'DevOps', 'Golang', 'AWS', 'Azure', 'GCP', 'Terraform', 'CI/CD', 'Jenkins', 'Travis CI', 'Docker', 'IaC', 'Datadog', 'Shell Scripting', 'Kubernetes']"
 Remote DevOps Engineer ,Devops,Mid,"['PHP', 'Python', 'Kubernetes', 'Jenkins', 'Docker', 'CI/CD', 'Magento', 'AWS', 'Google cloud', 'Azure', 'E-commerce']"
 Data Engineer ,Analytics,Mid,"['Python', 'SQL', 'REST API', 'Git', 'Kafka', 'Spark', 'Tableau', 'Power BI', 'MicroStrategy']"
 Mid/Senior Data Engineer (REMOTE) ,Data,Mid,"['Python', 'SQL', 'RDBMS', 'Airflow', 'BigQuery', 'OAuth', 'GCP', 'OIDC']"
 Lead/Architect Platform Engineer ,Python,Senior,"['Python', 'Azure', 'JavaScript', 'C#', '.NET', 'Java', 'Kotlin']"
 Remote Senior DevOps Engineer ,Devops,Senior,"['Azure', 'DevOps', 'Amazon Web Services', 'Kubernetes', 'AKS', 'AWS EKS', 'GitLab', 'GitHub Actions', 'Azure DevOps', 'CircleCI', 'ArgoCD', 'Helm', 'Kustomize', 'Ansible', 'Terraform', 'Docker', 'Bash', 'PowerShell', 'Python', 'Grafana', 'Prometheus', 'Datadog', 'ELK Stack', 'AWS CloudWatch', 'CKA certification', 'Azure certification - AZ-104', 'AZ-305']"
 Python Developer ,Python,Mid,"['Python', 'OOP', 'Design Patterns', 'NoSQL', 'Django', 'React']"
 Python Developer (Remote) ,Python,Junior,"['Python', 'Django', 'JS', 'HTML5', 'CSS3', 'LESS', 'Sass', 'Git', 'Docker', 'pytest', 'Vue.js', 'React', 'TypeScript', 'Celery', 'Redis', 'Linux', 'PostgreSQL', 'CSS', 'GraphQL', 'AWS', 'DevOps', 'REST API']"
 React Native - Mobile developer ,Python,Mid,"['React native', 'Cordova', 'React Native', 'Flutter', 'iOS', 'JavaScript', 'CSS3', 'HTML5', 'Angular', 'React', 'Java', 'Python', 'MySQL', 'MongoDB', 'UI', 'UX', 'AWS Cloud']"
 Snr Software Engineer Desktop Foundation ,Devops,Mid,"['Windows Applications', 'Mac Applications', 'C++', 'C#', 'Python', 'Swift', 'Objective-C', 'Windows\\xa0systems-level programming', 'Win32 APIs', 'multi-threading', 'Interprocess\\xa0Communication', 'COM', 'Jenkins', 'Jira']"
 Data Architect ,Data,Senior,"['Data Lake', 'Big Data', 'Java', 'Scala', 'Python', 'AWS', 'Azure', 'GCP', 'ETL', 'Informatica', 'Pentaho', 'SSIS', 'IBM DataStage', 'Cloudera', 'Amazon Redshift', 'Tableau', 'Power BI', 'SAP', 'TIBCO', 'Linux', 'Kafka', 'Flink', 'Spark Streaming', 'Storm']"
 Junior Fullstack Developer ,Python,Junior,"['Communication skills', 'Python', 'Django', 'Linux', 'PostgreSQL', 'Git', 'Celery', 'Docker', 'React', 'CSS', 'HTML', 'Team player', 'Critical thinking', 'Problem solving', 'Proactivity', 'Python']"
 Senior DevOps Engineer ,Devops,Senior,"['Python', 'Linux', 'CI/CD', 'Ansible', 'Microsoft Azure', 'Nginx', 'MySQL', 'Microservices', 'Docker']"
 AWS Developer ,Python,Mid,"['Python', 'Vue.js', 'GitLab', 'Design System', 'AWS', 'AWS Lambda', 'FastAPI', 'CloudWatch', 'Azure', 'SSO', 'RDS', 'Amazon RDS', 'Apache Aurora', 'MySQL', 'AWS S3', 'CloudFront', 'API Gateway', 'Terraform', 'CloudFormation', 'CI/CD']"
 Senior Site Reliability Engineer Lead  ,Devops,Senior,"['Python', 'Bash', 'Linux', 'Network protocols', 'Leadership skills', 'Web technologies']"
 Senior Automation/Manual Tester ,Testing,Senior,"['QA', 'Jira', 'ISTQB', 'Python', 'Cypress', 'Google Cloud Platform', 'GitLab CI/CD']"
 Remote Python Backend Developer ,Python,Mid,"['Python', 'Django', 'SQL', 'Git', 'Docker', 'Linux', 'Bash', 'CI/CD', 'JavaScript', 'AWS', 'CSS', 'HTML', 'React', 'PHP']"
 Senior Java fejleszt ,Python,Senior,"['Java', 'Spring', 'Spring Boot', 'Python', 'REST API', 'CI/CD', 'Git', 'Docker', 'Kubernetes', 'Jira', 'Confluence', 'Oracle', 'MS SQL', 'PostgreSQL']"
 Test Automation Engineer with CAAR ,Testing,Senior,"['Python', 'OOP', 'ISTQB', 'XML', 'CSV', 'JSON', 'Git', 'CI/CD', 'Unix', 'Linux', 'Jenkins', 'Jira']"
 Kubernetes Architect (AWS) ,Devops,Senior,"['Kubernetes', 'AWS', 'CDK', 'Python', 'HashiCorp Vault', 'Architecture', 'Jenkins', 'Ansible', 'TypeScript', 'JavaScript']"
 Senior Python Computer Vision Engineer  ,Data,Senior,"['Computer vision', 'Python', 'OpenCV', 'git', 'linux', 'Team player', 'c++', 'CUDA', 'TensorFlow', 'Keras', 'Scikit-learn', 'Machine learning', 'C++', 'PyTorch']"
 AWS DevOps Engineer ,Devops,Mid,"['Linux', 'Docker', 'Shell', 'AWS', 'Apache', 'Virtualization', 'Communication skills', 'Problem solving', 'Kubernetes', 'Helm charts', 'Terraform', 'Jenkins', 'Python', 'CI/CD Pipelines', 'GitLab', 'DevOps', 'K8s', 'Prometheus', 'Elasticsearch', 'Logstash', 'Kibana', 'Ruby', 'Bash', 'Git', 'Nginx', 'ambassador', 'Graylog', 'Grafana', 'Python', 'Ansible']"
 Senior Data Engineer ,Data,Mid,"['Azure', 'Python', 'SQL', 'C#', 'Azure Data Lake', 'Azure Data Factory', 'Machine learning', 'Azure Databricks', 'MySQL', 'Azure Data', 'Data engineering', 'Cosmos DB', 'Azure Cloud', 'Git']"
 Python Backend Developer (remote/hybrid) ,Python,Mid,"['Python', 'Linux', 'PostgreSQL', 'Jenkins', 'GitHub', 'RabbitMQ', 'Ansible', 'Redis', 'MongoDB', 'JavaScript']"
 Senior/Expert DevOps - Azure ,Devops,Senior,"['Azure', 'GitHub Actions', 'GitHub', 'Terraform', 'Key Vault', 'Python', 'Bash', 'PowerShell', 'Docker']"
 Senior Data Engineer ,Data,Senior,"['AWS', 'Azure or GCP', 'API calls/FTP downloads', 'DB table', 'ETL/ELT', 'SQL', 'Python', 'Spark', 'Kafka', 'Enterprise Data Platforms technologies', '\\tExperience in data acquisition', '"" \\tBachelors degree in Computer Science ""', 'AWS', 'Azure', 'GCP', 'FTP', 'ETL']"
 DevOps AWS (time-shifted role) ,Devops,Mid,"['Jenkins', 'AWS', 'GCP', 'Azure', 'Kubernetes', 'Linux', 'Bash', 'HTTP', 'REST API', 'CI/CD', 'Python', 'Elasticsearch', 'Druid.io', 'Cassandra']"
 General QA Engineer ,Testing,Junior,"['Hungarian Language', 'QA', 'Python', 'Java', 'Scrum', 'js', 'C#', 'Groovy', 'WebDriver', 'Geb', 'Postman', 'JMeter', 'BDD', 'Gherkin', 'SpecFlow', 'Selenium', 'Communication skills']"
 Medior Python Developer ,Python,Mid,"['Hungarian Language', 'Python', 'Python 3.x', 'OOP', 'DRF/Flask/FastAPI', 'REST', 'OAuth', 'JWT', 'PostgreSQL', 'AWS', 'Redis', 'RabbitM', 'Kafka', 'Docker', 'Team player', 'Communication skills', 'Celery', 'PythonRQ', 'Elasticsearch', 'Kubernetes']"
 Remote Big Data Developer ,Data,Mid,"['SQL', 'Python', 'Java', 'Git', 'Spark', 'AWS', 'GCP', 'DevOps', 'Scala', 'Azure']"
 Site Reliability Engineer ,Devops,Senior,"['Bash', 'Docker', 'Kubernetes', 'Ansible', 'Progress Chef', 'Puppet', 'Python', 'Jenkins', 'CI/CD Pipelines', 'Azure']"
 DevOps Engineer ,Devops,Senior,"['Linux', 'Python', 'Kubernetes', 'Jenkins', 'Go', 'Ruby', 'Hadoop', 'AWS']"
 Data Engineer ,Data,Mid,"['Azure', 'Python', 'SQL', 'Databricks', 'T-SQL', 'Azure SQL', 'Azure Data Factory', 'Data engineering', 'PL/SQL', 'Azure Data Lake', 'MySQL', 'Azure Data', 'Cosmos DB', 'Azure Cloud', 'Git', 'Azure Databricks', 'Azure IoT', 'C#', 'PySpark', 'Spark', 'Scala', 'R']"
 Databricks Data Engineer with Python ,Data,Senior,"['Python', 'Spark', 'Databricks', 'ETL', 'Scala', 'Azure Data Factory', 'Azure', 'Git', 'Docker']"
" Senior Fullstack Dev (Python, React) ",Python,Senior,"['Python', 'JavaScript', 'React', 'PostgreSQL', 'REST', 'AWS', 'TypeScript', 'MongoDB', 'Django', 'FastAPI', 'Flask', 'Elasticsearch', 'GraphQL']"
 Fullstack Developer (Python + JS) ,Python,Mid,"['Python', 'JavaScript', 'React', 'Driven', 'UX', 'Scrum']"
 Python Developer (exp. medical devices) ,Python,Senior,"['Python', 'Django', 'JavaScript', 'React', 'Next.js', 'Gatsby', 'UX', 'UI', 'Prototyping']"
 DevOps AWS/Kubernetes ,Devops,Mid,"['Jenkins', 'AWS', 'GCP', 'Azure', 'Kubernetes', 'Linux', 'Bash', 'HTTP', 'REST API', 'CI/CD', 'Python', 'Elasticsearch', 'Druid.io', 'Cassandra']"
 Administrator Infrastruktury ,Admin,Mid,"['Linux', 'Bash', 'Perl', 'Python', 'Ansible']"
 Python Developer ,Python,Mid,"['Python', 'Django', 'Flask', 'Linux', 'MariaDB', 'Git', 'Jenkins', 'Docker', 'AWS', 'MySQL']"
 DevOps (Data Analytics) ,Data,Mid,"['Linux', 'Python', 'AWS', 'Logstash', 'Hadoop', 'HDFS', 'Kafka', 'Elasticsearch', 'Spark', 'Grafana', 'Kibana']"
 Data Engineer ,Data,Senior,"['Python', 'SQL', 'Data Integration', 'ETL tools', 'Big Data', 'Scala', 'Docker', 'Azure', 'Splunk', 'Java', 'NiFi', 'Hadoop', 'Kafka', 'Proactivity', 'Problem solving', 'AWS', 'Spark']"
 Remote Mid Backend Developer ,Python,Mid,"['Python', 'Java', 'REST API', 'AWS', 'GCP', 'Azure', 'Microservices', 'API Gateway', 'AWS Lambda', 'AWS DynamoDB', 'NoSQL', 'MongoDB', 'CI/CD Pipelines', 'Design Patterns', 'SaaS', 'CloudFormation', 'AWS CDK', 'Terraform']"
 Automation Tester ,Testing,Mid,"['Python', 'SQL', 'XML', 'Robot Framework', 'Jenkins', 'JSON']"
 Backend Engineer (remote) ,Python,Mid,"['Python', 'TypeScript', 'Node.js', 'AWS', 'Git', 'SQL', 'PostgreSQL', 'AWS Lambda', 'REST', 'DynamoDB', 'GitHub', 'Linux', 'Docker', 'Terraform', 'Serverless computing']"
 Senior DevOps Engineer(New Core Banking) ,Devops,Senior,"['Bash', 'Docker', 'Ansible', 'Kubernetes', 'OpenShift', 'Python', 'Azure', 'CI/CD', 'IaC', 'Terraform', 'GCP', 'AWS', 'Kafka']"
 Python Software Engineer ,Python,Mid,"['Python', 'git', 'linux', 'Team player', 'c++', 'OpenCV', 'Computer vision', 'CUDA', 'Keras', 'Scikit-learn', 'Machine learning']"
 Pentester/CyberSecurity Analyst ,Security,Mid,"['Python', 'Security', 'CEH', 'Cybersecurity', 'Problem solving', 'Cryptography', 'Networks', 'Linux', 'Communication skills', 'Pentesting', 'TCP', 'Protocols', 'OWASP', 'CISCO', 'BASH', 'Docker', 'DevOps']"
 ML Architect ,Data,Senior,"['Python', 'Machine Learning', 'MLOps', 'MLflow', 'Kubeflow', 'AI', 'PyTorch', 'Apache Spark', 'Spark', 'Visual Studio', 'Kanban', 'Linux']"
 Remote Senior DevOps ,Devops,Senior,"['SaaS', 'Python', 'Kubernetes', 'GCP', 'AWS', 'Azure Cloud', 'Terraform', 'CI/CD', 'GitLab', 'SoC2', 'Security']"
 Junior Data Engineer ,Data,Junior,"['Python', 'SQL', 'PostgreSQL', 'MySQL', 'Oracle', 'ETL', 'Version Control Systems\\xa0', 'Git', 'MongoDB', 'AWS Glue', 'AWS', 'GCP', 'Azure', 'Airflow', 'Azure Data Factory']"
 Java+Python or Golang Developer ,Python,Mid,"['Java', 'Docker', 'Kubernetes', 'CI/CD Pipelines', 'Python', 'Go', 'Azure']"
 Mid Data Scientist ,Data,Mid,"['Python', 'Docker', 'Git', 'User Research', 'Data visualization', 'Microservices', 'AWS', 'A/B Testing', 'scikit-learn', 'TensorFlow', 'PyTorch']"
 Azure Cloud Lead System Engineer ,Devops,Senior,"['Linux', 'SDLC', 'Ansible', 'Terraform', 'Python', 'Java', 'AWS', 'Bash', 'Microservices', 'CI/CD Pipelines', 'Azure', 'Kubernetes']"
 Junior (Python) Developer ,Python,Junior,"['Python', 'Django', 'Flask', 'MySQL', 'PostgreSQL', 'Bootstrap']"
 Senior Software Engineer C/Python/C++ ,Python,Senior,"['Python', 'C', 'UML', 'Design Patterns', 'agile', 'Object-oriented programming', 'Unit testing', 'BDD', 'TDD', 'SQL', 'C++']"
 Lead Azure Developer ,Python,Senior,"['.NET', 'C#', 'CI/CD', 'Design Patterns', 'REST API', 'Docker', 'Kubernetes', 'DevOps', 'PaaS', 'Service Bus', 'IaaS', 'SaaS', 'API Gateway', 'WAF', 'Blob Storage', 'Cosmos DB', 'Azure Data', 'AKS', 'SDLC', 'Python', 'PowerShell', 'Azure', 'UI', 'React', 'Angular', 'Vue.js', 'Ingress', 'Helm']"
 Cloud DevOps Engineer  ,Data,Mid,"['Python', 'Docker', 'AWS', 'Ansible', 'Kubernetes', 'Linux', 'Bash', 'Groovy', 'CI/CD', 'Jenkins', 'Jira', 'Confluence', 'AI', 'Grafana', 'Kibana', 'Prometheus']"
 Remote Mid Data Engineer ,Data,Mid,"['ETL', 'Python', 'Spark', 'Airflow', 'Big Data', 'IoT', 'Azure Data Lake Store', 'AWS Lambda']"
