listing_name,categories,seniority,required_skills
Programista ds. Automatyzacji Testów,testing,mid,"['Java', 'Python', 'JavaScript', 'Selenium', 'Cypress.io', 'Appium', 'REST Assured', 'ISTQB', 'Postman']"
Data Engineer,data,mid,"['Python', 'ETL', 'Spark', 'RDBMS', 'PySpark', 'SQL', 'Azure Services', 'Scala', 'Terraform', 'IaC']"
Golang/Python Software Engineer,python,mid,"['Python', 'Kubernetes', 'Golang', 'Docker', 'Jenkins', 'Terraform', 'Linux']"
Big Data Engineer Want-To-Be,data,junior,"['Python', 'Java', 'Big Data', 'Scala', 'Cloud', 'Airflow', 'Kubernetes', 'Kafka', 'Docker', 'Apache Spark']"
NLP Developer,python,senior,"['NLP', 'Polish', 'English', 'PyTorch', 'AI/ML', 'Python', 'AWS', 'fastapi']"
Lead Full Stack Engineer,python,senior,"['Python', 'Django', 'Vue.js', 'Nuxt', 'JavaScript', 'TypeScript', 'WebGL', 'Three.js']"
Senior QA Automation Engineer,testing,senior,"['Automated Testing', 'Robot Framework', 'English', 'Python', 'Jenkins', 'Desktop Testing']"
Middle QA Automation Engineer,testing,mid,"['Testing', 'Python', 'Desktop Testing', 'Git', 'Robot Framework']"
Python Developer,python,mid,"['Polish', 'Python', 'Linux', 'English', 'MySQL', 'Django', 'Flask', 'Jenkins', 'Docker', 'AWS']"
KOORDYNATOR DS. UTRZYMANIA SYSTEMÓW IT,support,mid,"['Linux', 'SAN', 'Shell', 'Python', 'Andible', 'Git', 'Zabbix', 'VMware']"
Support Engineer,python,mid,"['Python', 'PySpark', 'SQL', 'Java', 'JavaScript']"
Test Automation Engineer (Python),testing,junior,"['Python', 'SQL', 'Git', 'XML/JSON', 'CICD tools', 'Pandas', 'API Testing', 'Test Rail', 'Docker', 'Robot Framework']"
DevOps Engineer,devops,mid,"['Linux', 'Docker', 'AWS', 'CI/CD', 'Bash', 'Terraform', 'Ansible', 'Python', 'Shell']"
Test Automation Lead,testing,mid,"['Python or Java-based frameworks', 'CI/CD', 'Bamboo or Jenkins', 'Cucumber/Gherkin', 'Java/C#/Python', 'Design Patterns']"
Cloud Python Developer,python,mid,"['Google Cloud', 'Airflow', 'Payspark', 'Git']"
Middle/Senior AQA Embedded Engineer,python,senior,"['Python', 'Linux', 'Robot Framework', 'pytest', 'AWS', 'IoT']"
Mobile QA Automation Engineer,java,senior,"['JavaScript', 'Python', 'Jenkins', 'Swift', 'Kotlin', 'Appium']"
Data Engineer,data,mid,"['Azure Services', 'T-SQL', 'Agile', 'SQL', 'Python']"
Data Scientist,data,mid,"['Python', 'SQL', 'Git']"
Senior Azure Data Engineer,data,senior,"['PySpark', 'Python', 'Databricks']"
Embedded Software Engineer,c,mid,"['Linux', 'C++', 'English', 'CMake', 'AOSP', 'Yocto', 'Docker', 'Python']"
Embedded C++ Engineer (Autosar or QNX),c,mid,"['C++', 'Embedded', 'Python', 'Linux', 'Linux Kernel', 'QNX', 'Autosar']"
Data Analyst,data,mid,"['Business Intelligence', 'Power BI', 'Data', 'MS Excel', 'SAP', 'Power Apps', 'SQL', 'DAX', 'VBA', 'Python']"
Mid Backend Engineer (Python),python,mid,"['Python', 'Django', 'Django Rest Framework', 'English', 'AWS', 'Docker', 'Celery']"
Senior ML/NLP Engineer,data,senior,"['Machine Learning', 'Python', 'Data Science', 'AWS']"
SysAdmin,admin,mid,"['Git', 'Ansible', 'Jenkins', 'Docker', 'Kubernetes', 'Bash', 'Python', 'Go', 'Terraform', 'SaltStack']"
Technical PMO Analyst - Banking,pm,mid,"['Clarity PPM', 'JIRA', 'Confluence', 'MS Excel', 'PowerBI / Tableau', 'Python']"
Staff ML Engineer,data,senior,"['Data Science', 'Machine Learning', 'Python', 'AWS']"
IAM Engineer,testing,mid,"['IAM', 'English', 'IDAM', 'SQL', 'Powershell', 'Bash', 'Python', 'JavaScript', 'Active Directory', 'Windows Server']"
Mid Python & React Fullstack (REMOTE),javascript,mid,"['Python', 'React']"
IoT Solutions Backend Developer,java,junior,"['Java', 'Spring', 'Front-End', 'Design Patterns', 'Python']"
Security Engineer,python,senior,"['Powershell', 'JavaScript', 'Python', 'Ansible']"
Mid Software Developer,net,mid,"['.Net 5', 'C#', 'Git', 'Automated Testing', 'Unit Testing', 'Machine Learning', 'Computer Vision', 'Kubernetes', 'Python']"
Automotive Test Engineer – HIL/SIL/MIL,testing,mid,"['English', 'Python', 'C', 'C++', 'ADAS', 'Matlab', 'Simulink', 'German', 'Vector tools']"
Technical/ Engineering Lead,devops,senior,"['Linux', 'Bash', 'TCP', 'IP', 'Python']"
Cloud Engineer,data,mid,"['Cloud', 'Azure', 'AWS', 'GCP', 'Python', 'Ansible', 'CircleC']"
Data Engineer,data,mid,"['Software Development', 'Data modeling', 'Python', 'Databases', 'Java', 'Azure', 'Spark', 'Databricks', 'PySpark', 'AWS']"
Senior Data Engineer II,data,senior,"['Python', 'Pandas', 'ETL', 'NumPy', 'SQL', 'AWS', 'Docker', 'Terraform']"
QA Engineer (Python),testing,mid,"['Python', 'Mobile & Web testing', 'Automated Testing', 'software testing methodologies', 'STLC', 'SDLC', 'Manual Testing', 'ISTQB']"
Mid/Senior Python Developer,python,senior,"['Python', 'Blender', '3D modeling', 'English', 'JIRA', 'Asana', 'Clickup']"
Administrator Systemów,admin,mid,"['Linux', 'Docker', 'Python', 'Zabbix']"
IoT Engineer,devops,junior,"['Databases', 'HTML5', 'IoT', 'Linux', 'Python', 'Ruby', 'Angular 2+', 'JavaScript']"
Developer with Data Science on SCM,data,mid,"['Data Science', 'Python', 'SQL', 'Machine Learning', 'Cloud', 'Azure']"
Full Stack and Python Developer,python,mid,"['Python', 'SQL', 'REST', 'Angular', 'Azure']"
DevOps / Build Engineer,devops,senior,"['Python', 'Groovy', 'Jenkins', 'Ansible', 'Docker', 'Kubernetes', 'AWS']"
.Net Full Stack Developer,net,mid,"['.NET Core', 'React', 'Kubernetes', 'Python', 'Azure']"
In¿ynier Danych,data,mid,"['Big Data', 'Kubernetes', 'Python', 'Scala', 'Airflow', 'Spark']"
Senior Software Engineer (Python),python,senior,"['Python', 'SQL', 'Kubernetes', 'Software Architecture', 'ReactJS', 'JavaScript']"
Data Scientist,data,mid,"['Python', 'Data Science', 'Pandas', 'NumPy', 'XGBoost']"
Technical Software Lead,c,senior,"['C', 'Team Management', 'Embedded', 'Python', 'Automotive', 'People Management']"
Embedded Software Tester (C),testing,mid,"['vTsystem', 'vTestStudio', 'winIdea', 'Tessy', 'PTC Integrity', 'Eclipse', 'C', 'Python', 'CAPL', 'Embedded']"
Full Stack Software Engineer,python,mid,"['Python', 'ReactJS', 'SQL', 'Docker']"
Data Scientist,data,senior,"['Python', 'Data', 'Data analysis', 'Statistics']"
IT Administrator / System Engineer,admin,junior,"['Windows', 'Python', 'Bash', 'Linux', 'Automation Tools', 'Networking', 'Cybersecurity']"
Data Analyst,analytics,mid,"['data analyst', 'MS SQL Server', 'Power BI', 'English', 'R programming language', 'Statistica', 'Python']"
Business Intelligence Team Leader,data,senior,"['Tableau', 'Power BI', 'R', 'Python']"
Senior Business System Analyst,analytics,senior,"['Web Services', 'REST API', 'SQL', 'UML', 'Kafka', 'BPMN', 'UX/UI', 'Python', 'JS', 'C#']"
Backend Python Developer,python,mid,"['Python', 'Git', 'SQL', 'SQLAlchemy or Django ORM', 'FAST API', 'NumPy and Pandas', 'Containers', 'Bash or similar', 'Continuous Integration', 'Database qeries profiling']"
Senior Backend Engineer (C#),net,senior,"['C#', '.Net/Go/Python', 'Microservices', 'PostgreSQL', 'Machine Learning']"
Senior DevOps Engineer,devops,senior,"['Ansible', 'Docker', 'Python', 'Ruby', 'Linux', 'Windows', 'AWS', 'Azure']"
Senior Big Data Developer,data,senior,"['Big Data', 'Java', 'Scala', 'Python', 'Hadoop', 'Spark', 'Kafka', 'Snowflake']"
Python Developer,python,senior,"['TensorFlow', 'PyTorch', 'JavaScript', 'TypeScript', 'Node.js', 'Java', 'C++']"
Senior Data Engineer,data,senior,"['SQL', 'Python', 'Snowflake', 'Java']"
Commod Quant Developer,python,senior,"['English', 'Python', 'AWS', 'Azure', 'Google Cloud Platform']"
Cloud Automation Engineer,testing,mid,"['IT Infrastructure', 'Cloud Services', 'C#', 'Python', 'DevOps methodologies', 'Continuous Delivery', 'GXP', 'ISTQB']"
Senior Python Engineer,python,senior,"['Python', 'English', 'Django', 'Celery', 'Testing', 'Linux', 'SQL', 'Docker']"
Data Analyst (Pricing Analyst Team),data,mid,"['Power BI', 'SQL', 'Python']"
Machine Learning Engineer,python,senior,"['Teamwork', 'Python programming', 'Machine Learning', 'Databases', 'Natural Language Processing', 'Cloud platform services (preferably GCP)', 'REST API', 'Deep Learning  (PyTorch or TensorFlow)', 'Container-based system', 'Data Science in Python']"
Senior Software Engineer (Remote),python,senior,"['TDD', 'Python', 'DevOps', 'Cloud']"
Senior Data Scientist,data,senior,"['Machine Learning', 'Python', 'NLP', 'SQL', 'Azure', 'Power BI', 'R', 'Selenium', 'JavaScript']"
Junior BI Developer,data,junior,"['Power BI', 'Tableau', 'SQL', 'Python', 'Microsoft Azure']"
Data Engineer,data,mid,"['Python', 'AWS', 'SQL', 'Git', 'Apache Kafka', 'Hadoop', 'JavaScript']"
Automation Tester,testing,mid,"['Cucumber', 'Node.js', 'Python', 'OpenAPI', 'BOM/DOM', 'CI/CD', 'Linux', 'Cloud', 'SQL', 'NoSQL']"
Python / SQL Oracle Developer,python,mid,"['Python', 'SQL']"
DevOps Engineer,devops,senior,"['Kubernetes', 'Docker', 'Python', 'Shell', 'AWS', 'Azure', 'Google Cloud Platform', 'CI/CD', 'Terraform', 'Go']"
Data Science Lead,data,senior,"['SQL', 'Python', 'Analytical Thinking', 'Data Science', 'Project Management', 'Zarz¹dzanie zespo³em', 'modelowanie statystyczne', 'R', 'AWS', 'Google Cloud']"
Data Scientist,data,mid,"['Teamwork', 'Data Science in Python', 'Pragmatic problem solver', 'Analytical mindset and attention to details', 'Python', 'SQL', 'Cloud platform services (preferably GCP)']"
DevSecOps Lead,devops,senior,"['DevOps', 'DevOps tools', 'Security', 'CI/CD', 'Microservices', 'Scripting', 'Powershell', 'Bash', 'Python', 'Docker']"
Machine Learning Engineer,python,mid,"['Python', 'PyTorch', 'TensorFlow', 'Machine Learning', 'Deep Learning', 'Cloud Computing', 'Computer Vision', 'Algorithms']"
DevOps Engineer,devops,mid,"['Puppet', 'Linux', 'Unix', 'Powershell', 'Python', 'Perl', 'Ruby']"
Big Data Analyst,data,mid,"['SQL', 'Python', 'AWS', 'Data Studio', 'QuickSight', 'Jenkins', 'Big Query']"
DevOps Engineer,devops,senior,"['Python', 'AWS', 'Terraform', 'Cognito', 'Aurora', 'Elasticsearch', 'PostgreSQL', 'Docker / Kubernetes', 'CI / CD']"
Automation Tester (Python),testing,mid,"['Python', 'Robot Framework', 'Git', 'TDD', 'Continuous Integration']"
Senior Software Engineer (Python),python,senior,"['Python', 'Redis', 'AWS', 'MySQL']"
ETL Developer / Data Engineer,python,senior,"['Python', 'ETL / ELT', 'Data Warehouse', 'Azure Data Factory', 'Databricks', 'Spark', 'Kafka', 'SQL', 'Synapse', 'PowerBi']"
Software Engineer (High Load),scala,mid,"['Java', 'Scala', 'Python', 'JS', 'C#', 'DevOps', 'SQL', 'Kafka', 'Kubernetes']"
Java Engineer,java,senior,"['Spring', 'SOAP', 'REST API', 'JavaScript', 'TypeScript', 'Python', 'React', 'Docker', 'Kubernetes']"
Data Scientist Lead,python,senior,"['Python', 'SQL']"
Data Scientist Lead,data,senior,"['Python', 'SQL']"
Senior Python Developer,python,senior,"['Python', 'Django', 'OOP']"
Data Scientist,data,mid,"['SQL', 'R/Python', 'Power BI', 'AWS']"
Software Engineer (Aviation Industry),python,senior,"['Python', 'C++', 'Django', 'TDD', 'Redis', 'Docker', 'Continuous Integration', 'GitLab', 'Databases', 'ReactJS']"
QA Engineer with Python,python,mid,"['Python', 'Linux', 'TCP/IP', 'REST', 'webUI testing']"
Senior DevOps Engineer,devops,senior,"['Kubernetes', 'Docker', 'Python', 'Golang']"
Application Administrator - Service Desk,admin,mid,"['JIRA', 'Confluence', 'Slack', 'Atlassian', 'SiL', 'Python']"
Application Specialist,devops,mid,"['RHEL', 'Linux', 'ITIL', 'Python', 'C', 'C++']"
Senior Python Developer - Remote,python,senior,"['Python', 'Scrapy']"
Senior Data Engineer,data,senior,"['Python', 'SQL', 'Apache Airflow', 'Kubernetes', 'MS SQL Server', 'AWS', 'Git', 'Snowflake', 'Docker']"
Engineering Manager,pm,mid,"['Team Growth', 'Leadership', 'Agile', 'Python', 'React']"
M³odszy Administrator Baz Danych Oracle,admin,junior,"['Oracle', 'CentOS', 'Linux', 'HA/DR', 'Bash', 'Python', 'Powershell']"
"Staff SWE, Backend (Merchant Servicing)",python,senior,"['Python', 'Kotlin', 'React']"
Senior Site Reliability Engineer,devops,senior,"['Observability tools', 'Java or Go or Python', 'Kubernetes', 'AWS or Azure']"
Principal Software Engineer,java,senior,"['System Design', 'Code Review', 'AWS', 'Java', 'Algorithms', 'Kubernetes', 'Go', 'Golang', 'Python', 'Ruby']"
Python Developer,python,mid,"['Python', 'Docker', 'Kubernetes', 'DevOps tools']"
Solution Architect,python,mid,"['Python', 'SQL', 'Spark', 'Big Data']"
Senior Full-stack Engineer with Python,python,senior,"['Machine Learning', 'React', 'Vue.js', 'Python', 'English']"
Senior Machine Learning Engineer,python,senior,"['Python', 'PyTorch', 'TensorFlow', 'Machine Learning', 'Algorithms', 'Deep Learning', 'Cloud Computing', 'Computer Vision']"
Backend Python Developer,python,mid,['Python']
Frontend Python Developer,python,mid,['Python']
Software Test Engineer,python,mid,"['Python', 'JavaScript', 'Selenium', 'Cucumber', 'TestCafé', 'Mocha', 'Chai', 'CI/CD', 'HTML', 'CSS']"
Senior Automation QA Engineer,testing,senior,"['Java', 'Python', 'Appium']"
Senior Python Developer,python,senior,"['Python', 'SQL', 'AWS', 'Cloud', 'Kubernetes', 'Docker', 'Sagemaker']"
Senior Data Engineer,data,senior,"['SQL', 'DBT', 'Python', 'Terraform', 'Looker', 'GCP']"
Mid QA Engineer,testing,mid,"['Python', 'pytest', 'Unix']"
Senior Python (Django) Engineer,python,senior,"['Python', 'Django', 'PostgreSQL', 'Grafana', 'Azure']"
Senior Python Test Egineer,testing,senior,"['Python', 'Selenium', 'Robot Framework', 'OpenStack', 'Docker', 'Kubernetes']"
Linux Developer,admin,mid,"['GNU', 'Linux', 'Python', 'Git', 'DevOps', 'ARM', 'C']"
Senior Full-stack Developer,python,senior,"['Python', 'JavaScript', 'React', 'SQL', 'English']"
SR Data Engineer,data,senior,"['SQL', 'Python', 'AWS']"
Trainee Software Engineer,java,junior,"['Java', 'Python']"
Programista C/C++,c,mid,"['C', 'C++', 'Linux/Windows', 'GNU', 'Python', 'Shell']"
Remote Senior Python Developer,python,senior,"['Python', 'Django', 'Linux', 'Cloud Computing', 'CI/CD', 'Docker']"
Senior Data Engineer,data,senior,"['Python', 'MongoDB', 'AWS', 'Backend', 'Elasticsearch', 'Redshift', 'RabbitMQ', 'Docker']"
Azure DevOps Engineer,devops,senior,"['Azure', 'Azure DevOps', 'Terraform', 'Ansible', 'Docker', 'Kubernetes', 'Python/Powershell/Bash', 'SonarQube']"
Junior DevOps Engineer (Wroc³aw/okolice),devops,junior,"['Bash', 'Linux', 'Python', 'Continuous Integration', 'Continuous Delivery']"
Python Engineer (Mid or Senior),python,senior,"['Python', 'English', 'SQL', 'AWS', 'REST API']"
Python Developer,python,mid,"['Python', 'Git', 'English']"
Senior Big Data Engineer / Team Leader,data,senior,"['Big Data', 'Cloud', 'Scala', 'Spark', 'Python', 'Airflow', 'JVM', 'Docker', 'Kubernetes', 'Kafka']"
Data Engineer,data,mid,"['Python', 'Grafana', 'MongoDB', 'SQL Server', 'PostgreSQL']"
Senior Python Developer,python,senior,"['Python', 'Databases', 'Cloud Development', 'English', 'Docker', 'Analytical Thinking']"
VoiceBot Dialogue Developer,other,junior,"['Python', 'Java', 'SQL']"
Python Developer,python,mid,"['Django', 'Python', 'DRF', 'PostgreSQL', 'Celery', 'Docker', 'Kubernetes']"
Regular / Senior Data Scientist,data,mid,"['Python', 'Machine Learning', 'Statistics', 'NumFOCUS stack', 'Spark', 'Scala', 'R']"
Senior Python Developer,python,senior,"['Python', 'Django', 'Flask', 'fastapi', 'asyncio']"
Backend Developer (GO),go,mid,"['Go', 'Python', 'Git']"
QA Engineer,python,senior,"['Mobile App Testing', 'Python', 'Atlassian', 'TestRail', 'Agile', 'Appium', 'ISTQB']"
DevOps Engineer,devops,mid,"['DevOps tools', 'Kubernetes', 'Google Cloud Platform', 'Python', 'Go']"
Mid Azure Data Engineer,data,mid,"['Azure Data Lake', 'Azure Synapse Analytics', 'Azure Data Factory', 'Spark / pySpark / Python', 'SQL', 'Azure Databricks', 'Azure Stream Analytics', 'Azure Event hub', 'Git/SVN', 'Data Streaming and Kafka']"
Staff Backend Engineer (Golang),go,senior,"['Go/C/C++/Python', 'Microservices', 'Linux', 'PostgreSQL', 'AWS', '.Net']"
Data Engineer with Azure,devops,senior,"['Azure', 'Python', 'Spark', 'Scala', 'CI/CD', 'SQL']"
In¿ynier Systemowy,admin,mid,"['GNU / Linux', 'PostgreSQL', 'Docker', 'TCP/IP', 'SQL', 'Bash', 'Python']"
Data Transformation Consultant,data,mid,"['SQL', 'Python', 'PySpark', 'Apache Spark', 'Databricks', 'Palantir Foundry', 'JIRA', 'Confluence', 'Git', 'Docker']"
DevOps Engineer,devops,senior,"['S-SDLC', 'CI/CD', 'Jenkins', 'Snyk', 'SonarQube', 'Kubernetes', 'Argo', 'Python']"
Advanced Analytics Consultant,analytics,senior,"['Analytics', 'Python', 'R', 'SQL', 'SAS', 'Data', 'Databricks', 'AWS', 'Azure', 'GCP']"
DevOps Tech Lead,devops,senior,"['SaaS', 'kubernates', 'Cloud', 'Team Management', 'K85', 'CI/CD', 'Python']"
Python Developer,python,mid,"['Python', 'Django', 'Git', 'JIRA', 'SQL', 'NoSQL']"
Lead Data Eng for ML Advanced Analytics,data,senior,"['Python', 'AWS stack', 'SQL', 'Apache Nifi']"
Data Visualization Consultant all levels,data,mid,"['Data', 'Power BI', 'SQL', 'QlikSense', 'Tableau', 'RPA', 'SAP', 'Scala', 'Java', 'Python']"
Python Developer (exp. medical devices),python,senior,"['Python or JavaScript', 'Django or Next.js', 'medical device industry', 'C or similar', 'React', 'D3.js', 'UX & UI']"
Tester/ka Manualny/a,testing,mid,"['SQL', 'Redmine', 'JIRA', 'Postman', 'SoapUI', 'Python', 'Java', 'Selenium']"
Embedded QA Engineer with Python,python,mid,"['Python', 'Embedded', 'Test Automation', 'pytest']"
C# Developer with React,net,mid,"['C#', 'React', '.Net', 'PostgreSQL', 'Python', 'PHP']"
Python Developer z Chemi¹ / Biologi¹,python,mid,"['Polish', 'English', 'Python', 'Django', 'Chemistry', 'Biology', 'Flask', 'React', 'Angular', 'Docker']"
Mid Software Developer,c,mid,"['Embedded', 'C', 'Linux', 'Networking TCP/IP', 'Ethernet/AVB', 'Python', 'Git', 'Wireshark']"
Senior Linux Administrator,admin,senior,"['Linux', 'Bash', 'Python', 'Cloud']"
DevOps Engineer - Internal Project,devops,mid,"['Cloud', 'CI/CD', 'Virtualization', 'Git', 'Linux', 'Kubernetes', 'Bash', 'Python', 'Docker']"
Data & BI Developer,data,senior,"['T-SQL', 'Microsoft Power BI', 'ETL', 'Azure', 'Python', 'DAX', 'Azure Analysis Services', 'Azure Databricks', 'Synapse Analytics', 'Data Factory']"
Data Scientist,data,mid,"['Python', 'R', 'SQL', 'Deep Learning', 'Machine Learning']"
Senior Python Developer,python,senior,"['Python', 'Docker', 'Kubernetes']"
Machine Learning Engineer,python,mid,"['PyTorch', 'Python', 'Deep Learning', 'Git', 'Docker', 'Linux', 'Machine Learning', 'Kubernetes', 'Computer Vision', 'OpenCV']"
Senior Python Developer,python,senior,"['Python', 'PostgreSQL', 'English', 'fastapi', 'Java', 'JavaScript', 'Go']"
Senior Python Developer,python,senior,"['Python', 'Software Design', 'English', 'AWS']"
Client Solutions Engineer,python,mid,"['Software Design', 'English', 'Python', 'AWS']"
Graduate QA Engineer,testing,junior,"['Linux', 'Python', 'Test Automation', 'Java', 'Analytics', 'Testing', 'Networking', 'Bash']"
Python Tech Lead,python,senior,"['Python', 'Amazon AWS', 'CI/CD', 'Agile', 'GraphQL', 'DDD']"
Full-stack Developer,ruby,senior,"['Ruby on Rails', 'Node.js', 'ReactJS', 'AWS', 'C#', 'Java', 'PHP', 'Python', 'Angular', 'Redux']"
Python Developer,python,mid,"['Python 3.x', 'PostgreSQL', 'SQLAlchemy', 'Flask', 'GraphQL', 'Event sourcing']"
C# Developer (mid/regular),net,mid,"['.Net', 'C#', 'ASP.NET Web API', 'WPF', 'DevExpress', 'SQL', 'JavaScript', 'Python']"
Freelance QA Automation Engineer,testing,senior,"['English', 'Python', 'Test Automation', 'Appium or pytest']"
System Administrator,admin,mid,"['Linux', 'Python', 'Shell', 'English', 'AWS', 'Docker', 'Jenkins', 'NGINX', 'Azure', 'Salt']"
Remote Senior Data Engineer,python,senior,"['Python', 'ETL', 'ETL tools', 'Databases', 'ML', 'Data', 'NoSQL', 'Cloud']"
Software Developer C/C++,c,mid,"['C++', 'Linux', 'Python']"
Python Developer (Remote),python,mid,"['English', 'Polish', 'Python', 'SQL', 'Django', 'Docker', 'Flask', 'Google Cloud', 'OpenCV', 'Pandas']"
Praktyki Automation Developer,support,junior,"['Java', 'Python', 'JavaScript']"
Mid Python Developer,python,mid,"['Git', 'GitFLow', 'Django', 'Django Rest Framework', 'Docker', 'Flask', 'Kubernetes', 'GraphQL', 'Blockchain']"
"Junior Data Engineer (Communication, Media & Technology)",data,junior,"['Azure', 'AWS', 'GCP', 'SQL', 'Python']"
DevOps (Data Analytics),devops,senior,"['Python', 'Elasticsearch']"
"Senior Engineering Manager, Merchant Ser",python,senior,"['Python', 'JIRA', 'Kotlin', 'GitHub', 'Kibana']"
Software Engineer (Merchant Servicing),python,mid,"['Python', 'Kotlin', 'React']"
Application Security Engineer,security,mid,"['AppSec', 'WebSec', 'NetSec', 'Go', 'Python', 'Ruby']"
Lead Data Engineer,data,senior,"['ETL', 'ELT', 'SQL', 'Python']"
Senior Research Scientist,data,senior,"['Python', 'Deep Learning', 'Machine Learning', 'NLP']"
Automation Engineer,testing,mid,"['VBS', 'Powershell', 'C#', '.NET Core', 'PostgreSQL', 'Python', 'Azure']"
Data Scientist,data,mid,"['SQL', 'Python', 'Business Analysis']"
CyberSecurity Engineer,python,mid,"['Python', 'JavaScript', 'PostgreSQL']"
Information Security Analyst (CSIRT),security,senior,"['Python', 'Bash', 'Perl', 'Powershell', 'SIEM', 'GIAC', 'OSCP']"
DevOps Engineer,devops,mid,"['JavaScript', 'Python', 'Dart']"
Quality Assurance Engineer,python,mid,['Python']
Senior Devops (Service Infrastructure),devops,senior,"['AWS', 'Kubernetes', 'Python']"
Devops Engineer (Service Infrastructure),devops,mid,"['AWS', 'Kubernetes', 'Python']"
DevOps Engineer,devops,mid,"['Kubernetes', 'Python', 'Docker', 'Google Cloud Platform', 'Linux']"
Architecture Engineer & Team Leader,architecture,senior,"['Embedded Systems', 'C++', 'CMake', 'Unit Testing', 'Python', 'Bash']"
MCU Embedded Software Engineer,c,mid,"['C++11', 'MCU', 'English', 'Linux', 'Git', 'Python 3']"
Lead Analyst - Power BI,analytics,mid,"['Power BI', 'Python']"
Senior Data Scientist,data,senior,"['Python', 'PySpark', 'Pandas', 'Jupyter', 'NumPy', 'SQL']"
ML Developer Researcher,python,mid,"['Python', 'poetry', 'MLflow', 'DVC', 'GitLab', 'Docker', 'MLOps', 'mypy']"
Lead ML Developer Researcher,python,senior,"['Python', 'poetry', 'MLflow', 'DVC', 'GitLab', 'Docker', 'MLOps', 'mypy']"
SRE Engineer(RnD),devops,senior,"['Ruby', 'Python', 'Java', 'Datadog', 'ELK', 'PMM', 'Ansible', 'SaltStack', 'Kubernetes', 'CI/CD']"
C/C++ Embedded Software Developer,c,mid,"['Embedded', 'C', 'C++', 'Bash', 'LUA', 'Python', 'Perl', 'SVN']"
Senior Web Scraper,python,senior,"['WebScraping', 'Python', 'PHP', 'Java', 'JavaScript', 'XPath', 'JSON']"
Senior Python Engineer,python,senior,"['Python', 'Docker', 'Kubernetes', 'Unix', 'Cloud', 'DevOps tools', 'Networking', 'SDK']"
Senior C++ Developer,c,senior,"['C++', 'Windows API', 'Python', 'cicd']"
Senior Network Engineer in Security,security,senior,"['Networks', 'Network Security', 'Firewall', 'routers', 'Linux', 'Python', 'Bash']"
Cloud DevOps Engineer,devops,mid,"['CI/CD', 'Terraform', 'IAM', 'Bash', 'Python', 'Powershell', 'Azure ARM', 'Ansible', 'Puppet']"
Python/Fullstack Developer,python,mid,"['Python', 'English', 'MySQL / PostgreSQL', 'Linux / Unix', 'Amazon AWS', 'NGINX', 'Angular']"
DevOps Engineer,devops,senior,"['Python', 'Cloud', 'Kubernetes']"
DevOps Engineer,devops,senior,"['Docker', 'Kubernetes', 'Python', 'Cloud']"
Mid Data Scientist,python,mid,"['Polish', 'Python', 'English', 'Docker', 'Git', 'User Stories', 'Data Visualization', 'Microservices', 'AWS', 'PyTorch']"
Staff Network Engineer,support,senior,"['Networking', 'TCP', 'WAN & LAN', 'English', 'Juniper', 'Palo Alto', 'Python', 'Ansible', 'Meraki', 'F5']"
Automation Test Engineer,testing,mid,"['Python', 'REST', 'pytest', 'CI/CD', 'AWS', 'Ansible', 'Terraform', 'Jenkins', 'Docker', 'Kubernetes']"
Cloud Developer,devops,mid,"['Python', 'Docker', 'TypeScript', 'Kubernetes', 'Azure', 'JavaScript', 'HTML', 'CSS', 'MySQL']"
C++ Developer in Archmod,c,mid,"['C++', 'JIRA', 'Git', 'Python', 'IDA', 'OllyDbg', 'Bitbucket', 'Confluence', 'Reverse engineering']"
Data Engineer,python,mid,"['Python', 'SQL', 'Machine Learning', 'Azure', 'NoSQL']"
Senior Application Support Engineer,devops,senior,"['AWS', 'CI/CD tools', 'Linux', 'Ansible', 'Python', 'Pulumi', 'Terraform', 'TypeScript']"
Senior Automation Tester,testing,senior,"['SQL', 'Data Warehousing', 'Python/Powershell/Bash', 'Robot Framework']"
Python Developer,python,mid,"['Python', 'Django', 'Flask', 'fastapi']"
Data Engineer,data,mid,"['MS SQL Server', 'ETL tools', 'Python', 'Azure Factory', 'Data Lake']"
QA Automation Engineer with Python,testing,senior,"['English', 'Python', 'Test Automation', 'Appium or pytest']"
QA Manager for SD-WAN project,testing,mid,"['Python', 'QA']"
Software Engineer (Java),java,mid,"['Golang', 'Python', 'Node.js', 'JavaScript', 'Spring', 'EJB', 'Linux; Git', 'Gerrit', 'Java', 'React']"
Network Operations Center Specialist,support,mid,"['Linux', 'English', 'Team Player', 'Communication Skills', 'Problem Solving', 'SQL', 'Python', 'MySQL', 'TCP', 'ITIL']"
Java Developer,java,mid,"['Java', 'Oracle DB', 'MongoDB', 'Kafka', 'Docker', 'Ansible', 'Python', 'TypeScript']"
Senior Software Engineer (Multicloud),devops,senior,"['Kubernetes', 'Python', 'Golang', 'AWS', 'Google Cloud', 'Azure']"
Senior Security Engineer,security,senior,"['Cloud Platform', 'Security', 'analisys', 'Git', 'Powershell', 'Bash', 'Python', 'Java', '.Net', 'JavaScript']"
Software Engineering Intern /Summer 2023,javascript,junior,"['English', 'IT', 'Java', 'Python', 'JavaScript', 'HTML']"
Remote Mid C++ Developer,c,mid,"['C++', 'SQL', 'Git', 'Python']"
Data Engineer | Cloud&Engineering,data,mid,"['Microsoft Azure Cloud', 'SQL', 'C', 'Scala/ Python', 'OLTP/OLAP', 'Big Data', 'English']"
Software Developer,python,junior,"['JS', 'Linux', 'GitHub', 'Python']"
DevOps Engineer,devops,mid,"['Golang', 'Python', 'AWS', 'CI/CD', 'IaC', 'Terraform', 'Docker', 'Datadog', 'Kubernetes', 'Shell Scripting']"
Python Developer,python,mid,"['Python 3.9', 'multiprocessing', 'PostgreSQL', 'Git', 'JavaScript (jQuery)', 'Django / FastAPI / Flask', 'genicam']"
Python Developer,python,mid,"['Python', 'Django', 'SQL', 'NoSQL', 'Git', 'Celery', 'RabbitMQ', 'JIRA', 'Agile']"
Test Automation Engineer,testing,mid,"['Java / JS / Python / C#', 'test frameworks']"
Software Development Engineer III – Data (Forecast),data,senior,"['Big Data', 'Hadoop', 'Databases', 'Design Patterns', 'Spark', 'PySpark', 'Python', 'Pandas']"
Python Developer,python,mid,"['Python', 'Django', 'unit tests', 'Git', 'Docker', 'HTML', 'CSS', 'JS', 'Youtrack/JIRA']"
Python FullStack Developer,python,senior,"['Python', 'Django', 'ReactJS', 'REST API', 'CI/CD', 'PostgreSQL']"
PostgreSQL Developer,data,mid,"['SQL', 'PostgreSQL', 'ETL', 'Python', 'Big Data', 'Power BI']"
QA Tech Lead,testing,senior,"['Test planning', 'Test Automation', 'Python', 'JavaScript', 'software testing']"
Principal Engineer,python,senior,"['Python', 'Django', 'Django Rest Framework', 'English', 'AWS', 'Project Management', 'process management', 'Polish', 'Coaching skills', 'Quality Control']"
Remote Python Developer,python,mid,"['Python', 'English', 'HTTP protocol']"
Administrator Systemów IT,python,mid,"['C', 'C++', 'Python']"
Embedded System Tester (m/f),python,junior,"['Linux', 'C', 'Python', 'ARM Cortex', 'EMC', 'PSpice / LTSpice']"
SysOps Engineer,devops,mid,"['Kubernetes', 'IAS', 'CI/CD', 'Ansible', 'POSIX shell', 'Python', 'Go', 'Azure', 'AWS', 'GCP']"
Senior Python Engineer,python,senior,"['Python', 'PostreSQL', 'AWS', 'Docker']"
Observability Platform Engineer,other,mid,"['InfluxDB', 'Python', 'Linux', 'ELK Stack']"
Cloud DevOps Engineer,devops,senior,"['Python', 'SQL', 'Git', 'AWS']"
Senior Python Developer/Fullstack Dev,python,senior,"['Python', 'Git', 'English']"
Data Engineer (f/m),data,mid,"['Python', 'SQL', 'Bazy Danych', 'R']"
Site Reliability Engineer - Kubernetes,go,mid,"['Golang', 'Python']"
Data Scientist,data,mid,"['SQL', 'Python', 'SAS 4GL', 'j.angielski']"
Sr. Backend developer / Lead Architect,python,senior,"['Python', 'Django', 'Azure DevOps', 'Informatica Powercenter', 'React']"
Software Test Engineer (Tests Automation) (m/f),python,junior,"['Linux', 'Python', 'Bash', 'Git', 'SVN']"
Remote Fullstack Developer,javascript,mid,"['TypeScript', 'React', 'Python', 'Django', 'GCP']"
Senior Data Scientist,data,senior,"['Data', 'Computer science', 'Cybersecurity', 'data analytics', 'spl', 'Cloud', 'Python', 'Bash', 'Windows', 'Linux']"
Full Stack Developer (React + Django),javascript,mid,"['JavaScript', 'React', 'Python', 'Django', 'Mocha / Jest / Jasmine', 'dash', 'Azure / AWS', 'Docker', 'Kubernetes']"
Senior AWS Cloud Engineer (Java),python,senior,"['Polish', 'English', 'Python', 'AWS', 'Microservice Architecture', 'API', 'Java', 'Docker', 'Elasticsearch', 'DevOps']"
Senior Software Engineer C#,net,senior,"['C#', 'Microservices', 'Unit Testing', 'Azure Cloud', '.NET Core', '.NET 4.7 Web API', 'SOLID Principles', 'Cosmos DB', 'Python', 'Cube JS']"
Lead Python Engineer,python,senior,"['Python', 'Django', 'Spark', 'Flask', 'Big Data', 'Data Science']"
Automation Tester - Tribe Billing,testing,mid,"['Robot Framework', 'Python', 'JIRA', 'Git', 'Confluence']"
Junior/Mid Backend Developer,ruby,mid,"['Ruby/ Python/ PHP/ JS', 'SQL', 'Git/ Github']"
Senior Data Engineer,data,senior,"['Python', 'SQL', 'ETL tools']"
QA Engineer with Automation,testing,mid,"['Testing', 'Python', 'Test Automation', 'Cucumber', 'Mobile App Testing', 'JIRA']"
Value-added service Engineer,admin,mid,"['vas', 'SMSC', 'IMS', 'vPBX', 'Perl', 'Python', 'Bash', 'Linux']"
Python Developer / ML Engineer,python,mid,"['Python', 'Machine Learning', 'Databricks', 'PySpark', 'Spark', 'SQL', 'Azure']"
Mid AWS Data Engineer,data,mid,"['Amazon AWS', 'Big Data', 'Linux', 'Python', 'PostgreSQL', 'Git']"
Software Engineer,python,senior,"['Python', 'C++', 'Node.js']"
.NET Developer,net,mid,"['C#', 'SQL', 'Angielski', 'Python', 'JavaScript']"
Python Dev - in-house Engineering Tools,python,mid,"['pytest', 'Pandas', 'AI/ML', 'Git', 'dash', 'Django', 'Flask', 'Selenium', 'Java', 'CI/CD']"
C++ Developer,c,mid,"['C++', 'Linux', 'Python']"
Senior Operations Engineer & Team Lead - remote,pm,senior,"['Linux', 'English', 'HTTP', 'Ruby', 'Python', 'Unix']"
Mentor / Trener kursu Python,python,mid,['Python']
Devops Engineer / Linux administrator,devops,senior,"['Linux', 'Docker', 'Kubernetes', 'CI/DC', 'GitLab', 'Terraform', 'Amazon AWS', 'NGINX', 'Bash', 'Python']"
Senior QA Automation Engineer,testing,senior,"['Python', 'English', 'Robot Framework', 'REST API']"
.Net Dev Fullstack/Backend Mid/Senior,net,mid,"['.Net', 'Git', 'Vue.js', 'AWS', 'Python', 'Entity Framework']"
Technical Support Lead,support,senior,"['Technical Support', 'API', 'SQL', 'English', 'NoSQL', 'MongoDB', 'Java', 'Scala', 'Python']"
Computer Vision & Machine Learning Engineer/Researcher,python,mid,"['Python', 'Deep Learning', 'PyTorch', 'Computer Vision', 'Machine Learning', 'Docker', 'TensorFlow']"
DevOps/MLOps Engineer,devops,mid,"['Python', 'Docker', 'Cloud', 'Kubernetes', 'Ansible', 'Terraform']"
Junior Computer Vision Engineer,python,junior,"['Python', 'Deep Learning', 'Machine Learning', 'PyTorch', 'Computer Vision', 'Docker', 'TensorFlow']"
GCP Data Engineer,python,senior,"['Python', 'Data', 'GCP', 'CI/CD']"
Lead Test Automation Engineer,testing,senior,"['Test planning', 'Testing Analysis', 'Python/Java']"
Site Reliability Engineer (DevOps),devops,mid,"['Java', 'Linux', 'Puppet', 'Jenkins', 'Ansible', 'Elasticsearch', 'Kibana', 'Python', 'Ruby', 'Go']"
Senior DevOps Engineer,devops,senior,"['AWS', 'Kubernetes', 'Python', 'Go', 'Bash']"
Staff DevOps Engineer,devops,senior,"['Data streaming tools', 'Linux', 'Terraform', 'Docker', 'CI/CD', 'MySQL or Postgres', 'Teamwork', 'Ruby or Python', 'Polish', 'English']"
Python Developer,python,senior,"['Python', 'REST API', 'Swagger']"
Data Engineer,data,senior,"['Python', 'Data Integration', 'ETL tools', 'Spark', 'AWS', 'Java', 'Hadoop', 'Kafka', 'NIFI']"
Frontend Developer,javascript,mid,"['VueJS', 'JavaScript', 'CSS preprocessors', 'HTML', 'Git', 'Python', 'Django', 'Django Rest Framework']"
DevOps/Cloud Engineer,devops,mid,"['AWS', 'Terraform', 'CI/CD', 'Docker/Kubernetes', 'Python']"
Senior System Integration Test Engineer,testing,senior,"['Python', 'Linux OS']"
Site Reliability Engineer,devops,mid,"['Linux', 'Python / Golang', 'Terraform', 'Google Cloud Platform', 'Reliability Engineering', 'Puppet', 'Ansible', 'CI/CD', 'Troubleshooting', 'Monitoring Tools']"
Staff Python Backend Engineer,python,senior,"['Python', 'Backend', 'Databases', 'Linux / Unix', 'Children']"
Linux Administrator,admin,mid,"['RHEL', 'Bash', 'Python', 'Ansible', 'Git', 'Kubernetes']"
System Integration Cloud Specialist,devops,mid,"['Hardware', 'Software Development', 'Cloud', 'TCP', 'IP', 'Docker', 'OpenShift', 'Test Automation', 'Python']"
Test System Developer,testing,mid,"['LabView', 'English', 'Testing', 'Python']"
Data Engineer,data,mid,"['Data Science', 'Python', 'SQL', 'Git', 'pytest', 'NumPy', 'ScikitLearn', 'Pandas', 'Azure Data Factory', 'Docker']"
Applications Administrator,admin,mid,"['Linux', 'Bash', 'Perl', 'Python', 'Ansible']"
Junior Data Scientist,data,junior,"['English', 'NLP', 'TensorFlow', 'Git', 'Python']"
Senior/Lead Data Scientist,data,senior,"['Machine Learning', 'Python', 'SQL', 'NLP', 'Computer Vision', 'AWS', 'TensorFlow', 'Spark', 'Kubernetes', 'BI tools']"
QA Automation Lead,testing,senior,"['Python', 'English', 'Test Automation', 'Robot Framework', 'Team Leadership']"
Mid Data Analyst & Engineer (Python&SQL),python,mid,"['Python', 'SQL', 'Schema Design', 'Redshift', 'PostgreSQL', 'AWS']"
Senior QA Engineer,testing,senior,"['JavaScript', 'Cypress', 'CI/CD', 'AWS', 'Python']"
Software Engineer (Python Developer),python,mid,"['Python', 'SQL', 'NoSQL', 'Java', 'AWS']"
Remote Mid Data Engineer with Python,python,mid,"['Python', 'SQL', 'Scala', 'Databases', 'Apache Spark', 'Apache Airflow', 'NoSQL']"
Mid Python Developer,python,mid,"['Python', 'REST API', 'Django', 'Flask', 'Git', 'AWS']"
MIDDLE/SENIOR C++ DEVELOPER (AUTOMOTIVE),c,mid,"['C++', 'English', 'Linux', 'Python']"
Senior Jira and Confluence Administrator,admin,mid,"['JIRA', 'Confluence', 'Bash', 'Groovy', 'Python', 'Linux']"
Jira and Confluence Administrator,admin,mid,"['JIRA', 'Confluence', 'Bash', 'Python', 'Groovy', 'Linux']"
Full Stack Developer (Python + Vue),python,mid,"['Python', 'Vue.js', 'pytest', 'PostreSQL', 'AWS']"
QA Engineer (REMOTE),testing,senior,"['Automated Testing', 'CI/CD', 'Python', 'PHP']"
Python Developer (mid/senior),python,mid,"['Django', 'SQL', 'Software Architecture', 'React', 'Docker', 'AWS']"
AWS Data Engineer,python,mid,"['Python', 'AWS', 'EC2', 's3', 'Lambdas', 'API Gateway']"
Senior DevOps Engineer,devops,senior,"['AWS', 'Terraform', 'Ansible', 'Python', 'Linux', 'Docker', 'Kubernetes', 'Google Cloud']"
Python Developer,python,mid,"['Python', 'Web Applications', 'Microservices', 'SQL', 'REST API', 'Docker', 'React', 'Microsoft Azure', 'Apache Kafka', 'RabbitMQ']"
Data Engineer AI ML Chatbot,data,mid,"['Python', 'AI', 'ML']"
Junior Python Developer,python,junior,"['Python', 'Linux', 'Git', 'REST', 'DevOps', 'Microservices']"
Senior Cloud & Hosting services Engineer,python,senior,"['Java', 'Python', 'Git', 'Node', 'Terraform', 'Cloud', 'Linux']"
Backend Python Developer,python,mid,"['Python', 'HTTP protocol', 'TCP', 'Ansible', 'Puppet']"
Technical Lead,other,mid,"['Leadership', 'Software Development', 'Problem Solving', 'Communication Skills', 'Analytics', 'Python', 'PHP', 'C#', 'Management', 'JavaScript']"
Data Architect- Team Lead,data,senior,"['ETL tools', 'SQL', 'Python', 'Apache Spark']"
Big Data Engineer,data,mid,"['Python', 'ETL', 'MySQL']"
ASR/NLP Research Engineer (Mid or SR),python,senior,"['Python 3.11', 'Machine Learning', 'Algorithms', 'PyTorch', 'NLP', 'Azure', 'TensorFlow']"
Junior Data Engineer,data,junior,"['SQL', 'T-SQL', 'Python', 'SSIS', 'Airflow', 'Azure']"
Tester oprogramowania,testing,mid,"['Manual Testing', 'Web Application Testing', 'Mobile App Testing', 'JIRA', 'Postman', 'API', 'Test Automation', 'Python', 'JavaScript', 'Git']"
System Engineer (DevOps),devops,senior,"['AWS/Azure/GCP', 'Docker', 'Kubernetes', 'Terraform', 'Ansible', 'English', 'Python', 'Oracle Cloud']"
RPA Developer Robotic Process Automation,python,junior,"['Python', 'Selenium', 'MySQL']"
Data Scientist / Data Science Advisor,python,mid,"['Data Science / ML', 'Python', 'Feature Engineering']"
Programista Python i C/C++,python,junior,"['Python', 'C', 'C++', 'Git']"
SDK Engineering Manager,pm,senior,"['REST API', 'JavaScript', 'TypeScript', 'Rust', 'C', 'Python']"
Python Team Lead (Tagging Tools Lead),python,senior,"['Python', 'Django', 'Team Leadership', 'SQL', 'NoSQL', 'Machine Learning']"
Mid/Sr Fullstack Developer (Python + JS),python,senior,"['JavaScript', 'React', 'Python', 'UI/UX']"
Site Reliability Engineer,devops,senior,"['Docker', 'Kubernetes', 'Azure', 'Ansible', 'Chef', 'Puppet', 'Go', 'Python', 'Groovy', 'Bash']"
Senior Software Engineer,python,senior,"['Linux', 'Python', 'Rust']"
Programista C++,c,mid,"['C++', 'Git', 'Linux', 'Clean Code', 'Python']"
Data Engineer,data,senior,"['Power BI', 'Python', 'R', 'SQL']"
Computer Vision Engineer,c,mid,"['C++', 'OpenCV', 'Computer Vision', 'Git', 'Python', 'AI', 'CUDA']"
Senior Machine Learning Engineer,python,senior,"['Python', 'SQL', 'Machine Learning', 'AWS']"
Senior Fullstack Software Engineer,javascript,senior,"['JS', 'React', 'Python']"
Fullstack Software Engineer,javascript,mid,"['JS', 'React', 'Python']"
Full Stack Web Developer - CRM,net,mid,"['.Net', 'T-SQL', 'SQL Server', 'Angular', 'JavaScript', 'jQuery', 'WCF', 'ASP.NET WebForms', 'Python', 'CRM']"
Solution Architect - Data and Analytics,architecture,senior,"['AWS', 'Python', 'Microservices', 'Architecture', 'Data Mesh']"
Backend Engineer w/ Python (REMOTE),python,mid,"['Python', 'Django']"
Senior QA Engineer,python,senior,"['Python', 'pytest', 'REST API', 'Jenkins', 'GitLab', 'SQL']"
Junior Odoo Developer,python,junior,"['Odoo', 'Python', 'PostgreSQL', 'HTML', 'JavaScript', 'Git', 'Azure DevOps']"
Software Development Engineer in Test,testing,mid,"['Python', 'Java', 'JS', 'TS', 'E2E', 'AWS', 'CI/CD', 'REST API', 'English', 'Microservices']"
Administrator Linux (Red Team Member),admin,mid,"['Linux', 'Bash', 'C&C servers', 'Python', 'Ruby']"
Junior/Mid/Senior C++ Developer,c,mid,"['C++', 'Python', 'Linux', 'Bash']"
QA Engineer,testing,mid,"['Selenium', 'C#', 'REST API', 'Postman', 'Python']"
Senior Software Development Engineer,python,senior,"['Python/ Ruby/ Go/ C/ C++', 'MySQL', 'PostgreSQL', 'AWS']"
Quality Assurance Engineer,testing,mid,"['Python', 'Git', 'JIRA']"
QA Automation Engineer,testing,senior,"['Cypress', 'Locust', 'TypeScript', 'Python', 'English']"
Remote Mid/Senior Python Dev | ma³y team,python,senior,"['Django', 'Linux', 'Git', 'JavaScript', 'CSS', 'HTML', 'DevOps', 'AWS', 'Elasticsearch', 'PostgreSQL']"
Backend AWS Engineer,java,mid,"['Java', 'Python', 'Amazon AWS', 'RESTful API', 'CI/CD', 'aws lambda', 'Sagemaker', 'CDK', 'Spark', 'BDD']"
Machine Learning Ops Engineer,python,mid,['Python 3']
Full Stack Developer (React + Python),python,mid,"['React', 'Python 3.x', 'HTML5', 'Functional Programming', 'Unit Testing']"
Senior Data Engineer,python,mid,"['Python', 'ETL', 'Linux', 'SQL', 'Apache Spark']"
Senior Data Engineer,data,senior,"['Problem Solving', 'TensorFlow', 'PyTorch', 'Python', 'MongoDB', 'MySQL', 'PostgreSQL']"
Software Developer,c,junior,"['C++', 'Python', 'Linux', 'Git', 'SQL', 'Go', 'OpenCV', 'Machine Learning', 'Data Science', 'Distributed systems']"
Python/Java Developer (Mid/Sr) Remote,python,mid,"['Python', 'Java', 'AWS', 'REST API', 'English', 'NoSQL', 'Azure', 'GCP', 'Microservices', 'SaaS']"
Senior Full Stack Developer,javascript,senior,"['JavaScript', 'React', 'Angular', 'AWS', 'Java', 'Python', 'Software Architecture', 'Security']"
DevOps Engineer with Data Mid+,devops,mid,"['Python', 'CI/CD', 'Big Data', 'AWS Glue', 'Terraform', 'Kubernetes', 'MS Azure', 'Cloudera Data Platform', 'Cloudera HDP', 'AWS Redshift']"
Senior Python Developer,python,senior,"['Rdmbs', 'NoSQL', 'REST']"
Software Engineer ,devops,mid,"['GIS', 'SQL', 'JavaScript', 'LOD', 'PHP', 'Python']"
Cloud Engineer,python,mid,"['Google Cloud', 'Kubernetes', 'Terraform', 'GitLab', 'Linux', 'Bash', 'Python', 'GitOPS']"
DevOps Engineer,devops,mid,"['CI/CD', 'Docker', 'Kubernetes', 'Terraform', 'Python/Bash']"
Data Analyst with programming skills,data,mid,"['Python', 'SQL', 'R']"
Backend .NET Developer,net,mid,"['C#', '.Net', 'MS SQL', 'Databases', 'Python', 'Java']"
R&D engineer,python,mid,"['Algorithms', 'Python', 'Image Processing', 'Machine Learning', 'C++', 'IoT', 'Big Data', 'Data Science', 'Go', 'Distributed systems']"
Lead DevOps Engineer,devops,senior,"['DevOps', 'Problem Solving', 'Analytical Thinking', 'Teamwork', 'Team Leadership', 'CI/CD', 'Experience in scripting and automation', 'English', 'Python']"
Junior Backend .NET Developer,net,junior,"['.Net', 'C#', 'MS SQL', 'Python', 'Java', 'JavaScript']"
TestTransformation&QualityAssurancExpert,java,senior,"['Selenium', 'Cypress', 'Java', 'JavaScript', 'Python', 'C#']"
Tester Automatyzuj¹cy,java,mid,"['Java', 'Selenium', 'Postman', 'UI', 'REST', 'SQL', 'Python', 'TSQL', 'HTML', 'XPath']"
Systems Administrator,admin,mid,"['Linux', 'Red Hat', 'Bash', 'Python', 'Cisco', 'Ansible']"
Software Engineer,c,mid,"['C++', 'Docker', 'Jenkins', 'Python']"
AWS DevOps Engineer,devops,mid,"['Docker', 'K8S', 'Jenkins', 'Bash', 'Python', 'Terraform', 'Amazon AWS', 'Golang']"
DevSecOps Engineer,devops,mid,"['AWS', 'Terraform', 'GitLab', 'Jenkins', 'Python']"
Senior Python Engineer at Orca Security,python,senior,"['Python', 'AWS', 'Kubernetes']"
Python Developer,python,mid,"['Pyhon', 'Django', 'Git', 'Linux', 'TypeScript']"
Python Developer,python,mid,"['Python', 'Scripting', 'Linux (Debian)', 'SQL']"
Python Developer,python,mid,"['Git', 'Python', 'Django / Twisted / Flask']"
Site Reliability Engineer,devops,senior,"['Python', 'English', 'Terraform', 'AWS']"
Senior System & Network Administrator,admin,senior,"['Linux', 'IT Security', 'Bash', 'Python', 'Networking', 'Virtualization']"
ML Engineering Manager,data,senior,"['Data Science', 'Machine Learning', 'Python', 'AWS', 'People Management']"
Senior Support Engineer,support,senior,"['Technical Support', 'English', 'API', 'SQL', 'NoSQL', 'MongoDB', 'Java', 'Scala', 'Python', 'Bash']"
Data Engineer,data,mid,"['English', 'SQL', 'Python', 'cloud-based ETL/ELT tools', 'Linux']"
"Senior Software Engineer, Cloud",go,senior,"['Go', 'Linux', 'Jenkins', 'Python', 'Docker']"
Jnr Software Developer- Poland & Hungary,java,junior,"['Python', 'Production Analysis', 'SRE']"
Tester (motoryzacja),testing,mid,"['Testing', 'TypeScript', 'JavaScript', 'Python', 'Java', 'C#', 'C', 'ISTQB', 'German', 'English']"
"Principal, Domain Architect",architecture,senior,"['Linux', 'Kubernetes', 'Python/Bash', 'GitLab', 'Ansible', 'SQL', 'NoSQL']"
Mid Data Engineer,data,mid,"['Python', 'IoT', 'Azure Databricks', 'Azure Data Lake Store', 'PySpark', 'Airflow', 'English']"
Remote Mid DevOps Engineer,devops,mid,"['AWS', 'DevOps', 'Docker', 'Bash', 'Python', 'Git', 'Terraform', 'CI/CD', 'CircleCI']"
Senior Data Engineer,data,senior,"['Python', 'SQL', 'AWS', 'Snowflake', 'DBT', 'Data modeling', 'Airflow', 'Docker']"
Junior Python Developer,python,junior,"['Python', 'RASA', 'Docker', 'AWS']"
Software Engineer - Marketplace,java,senior,"['Java', 'Python', 'NoSQL', 'HDFS', 'Kafka', 'C++']"
Senior JavaScript Developer,javascript,senior,"['AWS', 'React', 'Angular', 'JavaScript', 'Python']"
"Senior Data Scientist, Marketing",data,senior,"['Marketing-mix modelling', 'SQL', 'Fluent in English', 'Econometrics', 'R', 'Python', 'STATA', 'Mathlab']"
Python Developer,python,mid,"['Python', 'Docker', 'PostgreSQL', 'SQLAlchemy', 'GraphQL']"
Regular Full Stack Engineer,javascript,mid,"['Node.js', 'TypeScript', 'JavaScript', 'React', 'Microservices', 'DevOps', 'AWS', 'Python']"
Test Automation Engineer,testing,mid,"['Java', 'Python', 'C#']"
Data Architect,data,senior,"['Big Data', 'Java', 'Scala', 'Python', 'Agile']"
 Scala Developer for internal project,scala,mid,"['Scala', 'Zio', 'Monogo', 'Kafka', 'Docker', 'JSON', 'AWS', 'English', 'Python', 'Java']"
Python Backend Developer,python,senior,"['Python', 'PostgreSQL', 'PyCharm', 'Jenkins', 'Linux', 'GitHub', 'RabbitMQ', 'Redis', 'MongoDB', 'JavaScript']"
MID Python Backend Developer,python,mid,"['Linux', 'Jenkins', 'GitHub', 'RabbitMQ', 'Nagios', 'Ansible', 'ScyllaDB', 'PostgreSQL', 'Redis', 'JavaScript']"
Python Developer (level Senior),python,senior,['Python']
Software Engineer - Backend,php,mid,"['Python', 'Elixir', 'AWS', 'RabbitMQ', 'PostgreSQL']"
DevOps Engineer,devops,mid,"['Azure', 'Docker', 'Linux', 'Bash', 'Python', 'Bitbucket', 'CI/CD', 'IaC', 'Kibana', 'MySQL']"
Akademia IT - Data Scientist (Python),data,junior,"['Data Science', 'Python', 'Scrum']"
Senior Python Test Automation Engineer,python,senior,"['Python', 'Test Automation', 'Selenium WebDriver', 'JavaScript']"
Senior Python Engineer,python,senior,"['Python', 'Git', 'SQL', 'AWS Serverless', 'AWS', 'Docker', 'Kubernetes']"
Senior Python Test Automation Engineer,python,senior,"['Selenium', 'Cucumber', 'Robot Framework', 'SQL', 'Docker', 'Git', 'Jenkins']"
Data Engineer,data,mid,"['Python', 'SQL', 'GraphQL', 'AWS', 'TypeScript', 'Go', 'Rust']"
Engineering Manager,data,senior,"['TypeScript', 'Python', 'SQL', 'People Management', 'Golang']"
Senior Data Engineer,data,senior,"['JavaScript', 'TypeScript', 'Python', 'SQL', 'GraphQL', 'AWS', 'Snowflake', 'Go']"
"Analytics Engineer, Monetisation",analytics,mid,"['SQL', 'Python', 'Java', 'Scala']"
Data Engineer,data,mid,"['Python', 'Spark', 'SQL', 'AWS', 'DBT']"
Frontend Developer (Angular),javascript,mid,"['Angular', 'Python', 'Django', 'Azure']"
Senior Data Scientist,data,senior,"['Python', 'SQL', 'Spark']"
PROGRAMISTA PYTHON,python,mid,"['Python', 'Kubernetes', 'OpenShift', 'Docker', 'Azure', 'Google Cloud', 'Linux', 'Scrum', 'Git', 'TDD']"
Software Developer,net,mid,"['Software Development', 'Data structure', 'Algorithms', 'Machine Learning', 'Deep Learning', '.NET C#', 'Git', 'Distributed systems', 'Microservice Architecture', 'Python']"
Backend Python Developer,python,mid,"['Python', 'AWS', 'Linux']"
Mid Azure Data Engineer,data,mid,"['Azure Data Lake', 'Azure Synapse Analytics', 'Azure Data Factory', 'Spark / pySpark / Python', 'SQL', 'Azure Databricks', 'Azure Stream Analytics', 'Azure Event hub', 'Git/SVN', 'Data Streaming and Kafka']"
Mid Data Analyst & Engineer (Python&SQL),python,mid,"['Python', 'SQL', 'Schema Design', 'Redshift', 'PostgreSQL', 'AWS']"
Data Engineer,data,mid,"['Apache Spark', 'Cloud', 'JVM', 'Python', 'Big Data', 'Airflow', 'Docker', 'Kubernetes', 'Kafka']"
Embedded Software Tester (C),testing,mid,"['vTsystem', 'vTestStudio', 'winIdea', 'Tessy', 'PTC Integrity', 'Eclipse', 'C', 'Python', 'CAPL', 'Embedded']"
Mid Backend Engineer (Python),python,mid,"['Python', 'Django', 'Django Rest Framework', 'English', 'AWS', 'Docker', 'Celery']"
Software Engineer (Java),java,mid,"['Golang', 'Python', 'Node.js', 'JavaScript', 'Spring', 'EJB', 'Linux; Git', 'Gerrit', 'Java', 'React']"
Remote Python Developer,python,mid,"['Python', 'English', 'HTTP protocol']"
Python FullStack Developer,python,senior,"['Python', 'Django', 'ReactJS', 'REST API', 'CI/CD', 'PostgreSQL']"
Technical Support Lead,support,senior,"['Technical Support', 'API', 'SQL', 'English', 'NoSQL', 'MongoDB', 'Java', 'Scala', 'Python']"
Senior Automation Tester,testing,senior,"['SQL', 'Data Warehousing', 'Python/Powershell/Bash', 'Robot Framework']"
Regular Full Stack Engineer,javascript,mid,"['Node.js', 'TypeScript', 'JavaScript', 'React', 'Microservices', 'DevOps', 'AWS', 'Python']"
Junior Python Developer,python,junior,"['Python', 'Linux', 'Git', 'REST', 'DevOps', 'Microservices']"
Senior Fullstack Software Engineer,javascript,senior,"['JS', 'React', 'Python']"
Programista C++,c,mid,"['C++', 'Git', 'Linux', 'Windows', 'Python']"
Site Reliability Engineer,devops,mid,"['Linux', 'Python / Golang', 'Terraform', 'Google Cloud Platform', 'Reliability Engineering', 'Puppet', 'Ansible', 'CI/CD', 'Troubleshooting', 'Monitoring Tools']"
Remote Mid Data Engineer with Python,python,mid,"['Python', 'SQL', 'Scala', 'Databases', 'Apache Spark', 'Apache Airflow', 'NoSQL']"
Tester oprogramowania,testing,mid,"['Manual Testing', 'Web Application Testing', 'Mobile App Testing', 'JIRA', 'Postman', 'API', 'Test Automation', 'Python', 'JavaScript', 'Git']"
Remote Senior Data Engineer,python,senior,"['Python', 'ETL', 'ETL tools', 'Databases', 'ML', 'Data', 'NoSQL', 'Cloud']"
Staff DevOps Engineer,devops,senior,"['Data streaming tools', 'Linux', 'Terraform', 'Docker', 'CI/CD', 'MySQL or Postgres', 'Teamwork', 'Ruby or Python', 'Polish', 'English']"
